HeLa (cervix adenocarcinoma); erythroleukemia cells	 
 	ARMC5
 	TNFRSF21
 	RLN1
 	COL4A6
 	RPS14
 	GBAS
 	MTMR8
 	F8
 	FZD4


BPE cells (breast epithelium); HME1 cells (breast epithelium); HeLa (cervix adenocarcinoma); K562 cells (erythroleukemia cells); MCF7 cells (breast epithelium); erythroleukemia cells	 
 	HSPA1A
 	HSPA1L
 	NXT2


BPE cells (breast epithelium); BPLER cells (breast epithelium); HME1 cells (breast epithelium); HeLa (cervix adenocarcinoma); K562 cells (erythroleukemia cells); MCF7 cells (breast epithelium); erythroleukemia cells	 
 	DNAJB1
 	SERPINH1
 	HSPA4L
 	HSPH1
 	HSPB1
 	DEDD2
 	FKBP4
 	UBB
 	AHSA1
 	STIP1


BPE cells (breast epithelium); HME1 cells (breast epithelium); HeLa (cervix adenocarcinoma); K562 cells (erythroleukemia cells); erythroleukemia cells	 
 	HSPB2
 	FAM46A
 	CRYBA4


BPE cells (breast epithelium); BPLER cells (breast epithelium); HME1 cells (breast epithelium); HeLa (cervix adenocarcinoma); K562 cells (erythroleukemia cells); erythroleukemia cells	 
 	HSPA6
 	CHORDC1


BPE cells (breast epithelium); BPLER cells (breast epithelium); HME1 cells (breast epithelium); HMLER cells (breast epithelium); HeLa (cervix adenocarcinoma); K562 cells (erythroleukemia cells); MCF7 cells (breast epithelium); erythroleukemia cells	 
 	MRPL18
 	DNAJB6
 	ST13
 	HSPD1


BPE cells (breast epithelium); BPLER cells (breast epithelium); HME1 cells (breast epithelium); HeLa (cervix adenocarcinoma); MCF7 cells (breast epithelium); erythroleukemia cells	 
 	PARP12
 	CACYBP


HeLa (cervix adenocarcinoma); K562 cells (erythroleukemia cells); erythroleukemia cells	 
 	GML


erythroleukemia cells	 
 	taf7
 	SARAF
 	hspe1
 	FGF18


BPLER cells (breast epithelium); HeLa (cervix adenocarcinoma); K562 cells (erythroleukemia cells); erythroleukemia cells	 
 	GPR4


BPE cells (breast epithelium); BPLER cells (breast epithelium); HME1 cells (breast epithelium); HMLER cells (breast epithelium); K562 cells (erythroleukemia cells); MCF7 cells (breast epithelium); erythroleukemia cells	 
 	XPNPEP3
 	HSP90AB1


BPE cells (breast epithelium); BPLER cells (breast epithelium); HME1 cells (breast epithelium); HeLa (cervix adenocarcinoma); erythroleukemia cells	 
 	SUGT1


BPLER cells (breast epithelium); HeLa (cervix adenocarcinoma); erythroleukemia cells	 
 	CNDP2


BPLER cells (breast epithelium); HME1 cells (breast epithelium); HeLa (cervix adenocarcinoma); MCF7 cells (breast epithelium); erythroleukemia cells	 
 	FXR1


BPE cells (breast epithelium); BPLER cells (breast epithelium); HME1 cells (breast epithelium); HMLER cells (breast epithelium); K562 cells (erythroleukemia cells)	 
 	CCT8
 	DPP9


BPE cells (breast epithelium); BPLER cells (breast epithelium); HME1 cells (breast epithelium); HMLER cells (breast epithelium)	 
 	C21orf7
 	SPRED2
 	WNT2
 	ALOXE3
 	HES7


BPE cells (breast epithelium); BPLER cells (breast epithelium); HME1 cells (breast epithelium); HMLER cells (breast epithelium); K562 cells (erythroleukemia cells); MCF7 cells (breast epithelium)	 
 	CCDC117
 	TCP1
 	UBQLN1
 	USPL1
 	UBC
 	HSP90AA1
 	MUM1


BPE cells (breast epithelium); BPLER cells (breast epithelium); HMLER cells (breast epithelium)	 
 	SYN3
 	FAM96B


BPE cells (breast epithelium); BPLER cells (breast epithelium); HME1 cells (breast epithelium); HMLER cells (breast epithelium); MCF7 cells (breast epithelium)	 
 	DNAJB7
 	PDE4DIP
 	SLC35B2


HME1 cells (breast epithelium); HMLER cells (breast epithelium)	 
 	TBC1D22A


BPE cells (breast epithelium); HME1 cells (breast epithelium); HMLER cells (breast epithelium); K562 cells (erythroleukemia cells)	 
 	NBPF1


HMLER cells (breast epithelium)	 
 	LRRC40
 	SFRS11
 	NPR1
 	MALL
 	BARD1
 	MRPL44
 	MARCH6 
 	HNRNPA0
 	ZNF165
 	ZKSCAN3
 	SIT1
 	CCDC107
 	C9orf100
 	PDLIM2
 	C8orf58
 	YTHDF3
 	SLC25A40
 	ARHGEF17
 	POLR3A
 	DHX32
 	KIAA0152
 	CASC5
 	THAP10
 	LRRC49
 	MAP2K4
 	SLC27A5
 	ZBTB45


BPE cells (breast epithelium); HME1 cells (breast epithelium); HMLER cells (breast epithelium)	 
 	ABCD3
 	ZNF323


HMLER cells (breast epithelium); HeLa (cervix adenocarcinoma); K562 cells (erythroleukemia cells)	 
 	ILF2


HME1 cells (breast epithelium); HMLER cells (breast epithelium); K562 cells (erythroleukemia cells)	 
 	GBA


HMLER cells (breast epithelium); HeLa (cervix adenocarcinoma)	 
 	C1orf2
 	RBBP5
 	KIAA1967


BPLER cells (breast epithelium); HMLER cells (breast epithelium)	 
 	LIMD1
 	C8orf37
 	B3GNT1
 	ANG
 	RNASE4


BPLER cells (breast epithelium); HMLER cells (breast epithelium); HeLa (cervix adenocarcinoma); K562 cells (erythroleukemia cells); MCF7 cells (breast epithelium)	 
 	SACM1L


HME1 cells (breast epithelium); HMLER cells (breast epithelium); HeLa (cervix adenocarcinoma)	 
 	EPHA3


BPLER cells (breast epithelium); HME1 cells (breast epithelium); HMLER cells (breast epithelium)	 
 	AGBL5
 	BRMS1


BPE cells (breast epithelium); HME1 cells (breast epithelium); HMLER cells (breast epithelium); HeLa (cervix adenocarcinoma)	 
 	FMNL2


BPLER cells (breast epithelium); HME1 cells (breast epithelium); HMLER cells (breast epithelium); K562 cells (erythroleukemia cells); MCF7 cells (breast epithelium)	 
 	GTF3C3


BPLER cells (breast epithelium); HME1 cells (breast epithelium); HMLER cells (breast epithelium); MCF7 cells (breast epithelium)	 
 	C2orf66


BPE cells (breast epithelium); BPLER cells (breast epithelium); HME1 cells (breast epithelium); HMLER cells (breast epithelium); HeLa (cervix adenocarcinoma); K562 cells (erythroleukemia cells); MCF7 cells (breast epithelium)	 
 	HSPE1
 	HSPA8


HMLER cells (breast epithelium); K562 cells (erythroleukemia cells)	 
 	RELT
 	NDUFS7


BPLER cells (breast epithelium); HMLER cells (breast epithelium); K562 cells (erythroleukemia cells)	 
 	POLG
 	FBXO31


BPE cells (breast epithelium); BPLER cells (breast epithelium); HMLER cells (breast epithelium); HeLa (cervix adenocarcinoma)	 
 	RRAD


BPE cells (breast epithelium); BPLER cells (breast epithelium); HMLER cells (breast epithelium); HeLa (cervix adenocarcinoma); MCF7 cells (breast epithelium)	 
 	CES2


BPE cells (breast epithelium); BPLER cells (breast epithelium); HME1 cells (breast epithelium)	 
 	C20orf19
 	C20orf117
 	KIAA1026
 	ADC
 	AK3L1
 	NAT13
 	C2orf55
 	LOC26010
 	C6orf106
 	C6orf211
 	KIAA1045
 	C9orf91
 	KIAA0146
 	NIBP
 	PPYR1
 	C10orf54
 	CCDC109A
 	TTC18
 	C10orf116
 	KIAA1975
 	TMEM16F
 	RAD51L1
 	C14orf43
 	CENTB1
 	C17orf68
 	LOC124512
 	SFRS2
 	SEPTIN9
 	KIAA1303
 	FLJ35767
 	GPSN2
 	GAL7
 	ADCK4
 	C19orf61
 	C18orf55
 	HECW1
 	SLC45A4
 	TRAPPC3
 	PTPRN
 	SYNE2
 	RASGRF1
 	GPBP1
 	TNPO3
 	HEATR6
 	TTC7A
 	MAST4
 	PAG1
 	WDR70
 	EIF3I
 	ITPKC
 	PNPLA5
 	CDC25B
 	LAMA1
 	SMS
 	NFAT5
 	FAM83E
 	SUSD1
 	GLIS3
 	RAD51C
 	MANBA
 	PDGFRB
 	KPNA1
 	CLIP4
 	MAP7D1
 	METTL8
 	BCAS4
 	TRERF1
 	MKKS
 	FRMD8
 	RRAS
 	PRR12
 	MACF1
 	DOCK4
 	MYO5C
 	FUT5
 	LSM4
 	PDZD2
 	CDC73
 	CCNJL
 	TEX2
 	DNAJB5
 	NARS2
 	KIF21A
 	IGF1R
 	FCGR2A
 	PLEKHA6
 	PHLDB2
 	TUT1
 	TEX12
 	DHX37
 	BTBD11
 	AKAP6
 	SCHIP1
 	RABGAP1L
 	MGAT5
 	C18orf25
 	PROM2
 	RMND1
 	AFF2
 	GNAQ
 	FBXO32
 	FANCC
 	CHCHD6
 	MEGF6
 	NCSTN
 	PBXIP1
 	IGFBP7
 	CCNL1
 	CMBL
 	HEXIM2
 	ALG14
 	SH3PXD2B
 	CTBP2
 	GPR156
 	RTTN
 	MYO1D
 	ZBTB38
 	SAMD12
 	FGD6
 	LSM10
 	KCNIP1
 	KLHL25
 	BAGE2
 	NWD1
 	PNRC2
 	FHIT
 	STK40
 	PPP1R14C
 	EFCAB2
 	SPIRE2
 	KCTD11
 	C17orf67
 	CDKN2AIPNL
 	PALM2
 	N4BP2L2
 	AGBL1
 	RPH3AL
 	PTPRK
 	GNA15
 	PXDN
 	SERPINA1
 	CDH4
 	C2orf42
 	PMEPA1
 	MYLK


BPLER cells (breast epithelium); HME1 cells (breast epithelium)	 
 	KIAA0406
 	C22orf9
 	AOF2
 	C1orf172
 	C2orf67
 	HEL308
 	ASAH3L
 	TTLL13
 	KIAA1333
 	GPR56
 	MED24
 	DAPK2
 	POLR3E
 	STRN4
 	GTPBP1
 	ADNP2
 	EYA1
 	HNRNPUL1
 	CSF3
 	STK11
 	PKN1
 	GIPC1
 	OSGIN1
 	CCDC97
 	HSPG2
 	CRABP2
 	VIP
 	NMT2
 	CCDC148
 	PTGER1
 	AFAP1L2
 	CLIC4
 	LDLRAD3
 	SF3B3
 	NCOR2
 	FBXO47
 	ZNF7
 	MATN2
 	CDK5R1


BPE cells (breast epithelium); BPLER cells (breast epithelium); HME1 cells (breast epithelium); MCF7 cells (breast epithelium)	 
 	C20orf135
 	LOC134145
 	C9orf3
 	FLJ37078
 	EHD2
 	ZFAT
 	TRPC7
 	IGF2BP2
 	GLA
 	CAP2
 	HNRNPH2
 	NR0B2
 	MFAP1
 	SERF2
 	EGFR
 	SLC25A31
 	KLHL26
 	ZNF526
 	IRF2BP2
 	UBE2O
 	PXMP2
 	CUEDC1
 	TARSL2
 	SECISBP2
 	PTPN1
 	SRGAP1
 	PKP1
 	STK3
 	SPOCK1
 	TMCC1
 	CARS


BPLER cells (breast epithelium)	 
 	C21orf70
 	C22orf16
 	C1orf160
 	UTP11L
 	C1orf66
 	PVRL4
 	TESSP5
 	MFI2
 	C2orf37
 	MOBKL3
 	SFRS12IP1
 	SDCCAG10
 	JMJD1B
 	CCDC98
 	LOC100113407
 	PARC
 	C6orf108
 	C6orf150
 	C9orf156
 	C9orf75
 	GPR124
 	C8orf55
 	C8orf73
 	NAPRT1
 	PLEC1
 	FLJ22374
 	SUNC1
 	C7orf55
 	HSPC152
 	C11orf2
 	SLC22A20
 	ADRBK1
 	KILLIN
 	C10orf4
 	RP11-529I10.4
 	FAM26B
 	FAM26C
 	NOL1
 	MLL2
 	FAM62A
 	C14orf112
 	KIAA1737
 	C17orf76
 	GSDM1
 	MYST2
 	TRIM47
 	FLJ25404
 	SEPTIN1
 	SAPS1
 	CIAPIN1
 	MAP3K9
 	CRY1
 	NFIX
 	ZNF207
 	ZC3H3
 	NUDCD3
 	VEZT
 	PEX3
 	RPL26L1
 	MRTO4
 	PSD
 	NGFR
 	ABCA7
 	DHX8
 	COASY
 	PABPC1
 	CPSF1
 	FSCN1
 	CADPS2
 	CD59
 	COQ9
 	NSFL1C
 	LHX5
 	ZBTB25
 	SLC9A1
 	SCFD1
 	MYL6
 	UNC13D
 	PDE6C
 	MMP11
 	HPS4
 	RHBDD3
 	RIN3
 	HCK
 	TM9SF4
 	GABRE
 	TSNAXIP1
 	NECAB2
 	BMF
 	NCALD
 	PTOV1
 	PRX
 	TTC26
 	LFNG
 	TBC1D13
 	DVL1
 	PSMD3
 	C17orf75
 	DTX4
 	MED23
 	ERGIC1
 	DBN1
 	SLC41A3
 	COMMD2
 	KCNIP3
 	APC2
 	CHST10
 	SLC2A1
 	NEK6
 	C19orf25
 	CNNM1
 	NUDCD1
 	ENY2
 	KBTBD7
 	FAM53C
 	SH2D3A
 	OPA3
 	GRPR
 	PCID2
 	SLURP1
 	PRRG2
 	ZBTB1
 	STYXL1
 	SPECC1
 	PODXL
 	UBAC1
 	KREMEN2
 	NES
 	BCAN
 	IGHMBP2
 	HSPBP1
 	USP30
 	CCDC115
 	IMP4
 	HEMGN
 	RPL35
 	IL11RA
 	MTCH1
 	KHK
 	EMILIN1
 	SHF
 	SEMA7A
 	UBL7
 	ALG10
 	ESR2
 	BAHD1
 	RPS2
 	NCOR1
 	RANBP10
 	VPS53
 	NARF
 	VAV1
 	NOSIP
 	NUF2
 	MRPL24
 	HDGF
 	TRIM7
 	MDH2
 	CCT6A
 	PSPH
 	GSN
 	REXO4
 	DNAJB12
 	LRRC27
 	MRPL49
 	FAU
 	TM7SF2
 	FAM57B
 	TIAL1
 	NEIL2
 	DPY19L4
 	IFNAR2
 	LY6K
 	PPP1R16A
 	RPL8
 	CYGB
 	CLPB
 	SLC25A45
 	RPL29
 	ZFPL1
 	LZIC
 	MXRA8
 	B3GALNT2
 	MRPS18C
 	IL17RC
 	CRELD1
 	TIGD6
 	ZNF704
 	WNK2
 	PMPCA
 	TTC7B
 	POLL
 	WDR88
 	TMED3
 	MRPL16
 	SLC27A4
 	ZNF180
 	RPL13
 	RHEBL1
 	MFSD3
 	GPT
 	KIFC2
 	ING5
 	STX18
 	TBC1D10B
 	C22orf15
 	PTK2
 	GUSB
 	TSNARE1
 	SPSB1
 	RPS7
 	FUT10
 	ANKRD13D
 	HPSE2
 	ESRRA
 	RHOD
 	NMNAT1
 	PCCA
 	CLCF1
 	C11orf68
 	SSNA1
 	ANAPC2
 	LMNB2
 	CD151
 	PARP10
 	PFAS
 	SHARPIN
 	RNF151
 	MAF1
 	PUF60
 	LYNX1
 	MYLPF
 	D2HGDH
 	MRPS23
 	TNRC18
 	ZSCAN22
 	CAPN12
 	HMGN4
 	FHL3
 	SF3A3
 	TBL3
 	NDUFA12
 	SORCS2
 	NRBP2
 	RAB11B
 	ARL15
 	SHC4
 	LCE1E
 	EFCAB6
 	TMEM203
 	CYHR1
 	NDOR1
 	S100A16
 	ADAT2
 	ZNF250
 	SIRPB2
 	RYR1
 	NOXO1
 	MYL6B
 	METTL9
 	SERTAD1
 	MRPL21
 	SSPO
 	RAB40C
 	SPG7
 	CALM1
 	TYW1
 	LGALS7
 	XKR4
 	GALT
 	JRK
 	IL10RB
 	ACY1
 	ITGB3
 	CEACAM20
 	PARN
 	GRIFIN
 	PSMB3
 	UHRF1
 	PCGF2
 	ACTN4
 	CYC1
 	DRAP1
 	EEF1D
 	FEM1B
 	GOT1
 	HSD17B1
 	HUS1
 	LRRFIP2
 	MBD4
 	NBN
 	PDCD11
 	RAB2A
 	SDCCAG3
 	SLC39A4
 	SRRD
 	ANXA4


BPLER cells (breast epithelium); HeLa (cervix adenocarcinoma)	 
 	KIAA0090
 	SFRS7
 	WDR67
 	MLL
 	NFKB2
 	PPM1A
 	BRF2
 	NDRG1
 	CHD4
 	ABCC5
 	STX16
 	DNAJA4
 	ZCCHC2
 	SOX13
 	LRP12
 	RANBP2
 	KLF10
 	THAP11
 	POLD4
 	ZNF467
 	S100A13
 	S100A14
 	PAX5
 	WDR45
 	SYNJ2BP
 	HK2
 	TRIB3
 	UPP1


BPLER cells (breast epithelium); HME1 cells (breast epithelium); K562 cells (erythroleukemia cells); MCF7 cells (breast epithelium)	 
 	C1orf182
 	COPS7A
 	PLEKHG1
 	C19orf57
 	CUL4A
 	CCT3
 	BANF1
 	EIF1AD
 	CDK3
 	RBM23


BPE cells (breast epithelium); BPLER cells (breast epithelium); K562 cells (erythroleukemia cells)	 
 	SLC9A11
 	GNAO1
 	NTSR1
 	LAMA5
 	IL6R
 	ZDHHC20
 	ATL3
 	CARD11
 	HSPB9


BPE cells (breast epithelium); BPLER cells (breast epithelium); HME1 cells (breast epithelium); HeLa (cervix adenocarcinoma); MCF7 cells (breast epithelium)	 
 	SFRS10
 	DGKE
 	RXRA
 	HYPK
 	APBB2


BPLER cells (breast epithelium); HeLa (cervix adenocarcinoma); MCF7 cells (breast epithelium)	 
 	C2orf18
 	IQCE
 	CENPA
 	MAP2K2
 	ZNF473
 	ZNHIT2
 	ZNF34
 	SLC22A18
 	EPHA2
 	PDGFA


BPLER cells (breast epithelium); HME1 cells (breast epithelium); MCF7 cells (breast epithelium)	 
 	C2orf7
 	LOC100134934
 	CDKL3
 	POLA2
 	CAV2
 	SMYD5
 	EVPL
 	NANOS3
 	PRMT5


BPE cells (breast epithelium); BPLER cells (breast epithelium)	 
 	LOC51252
 	RGNEF
 	TINP1
 	RAB39
 	KIAA0247
 	GCN5L2
 	C16orf62
 	LOC400506
 	KIAA1576
 	BRUNOL4
 	CYP24A1
 	CNGB1
 	TP63
 	RPS5
 	ZNF213
 	MUL1
 	SYNGR2
 	ZCCHC17
 	ZNF337
 	STAB2
 	MBOAT2
 	IFNGR2
 	SHKBP1
 	GFM2
 	TAGAP
 	C19orf33
 	YIF1B
 	FBXO45
 	EWSR1
 	WDR53
 	TEAD1
 	FANK1
 	PRICKLE4
 	SLC43A2
 	TPD52
 	SPAG1
 	CORO1C
 	SH3TC2
 	PPP2R2B


BPE cells (breast epithelium); BPLER cells (breast epithelium); HME1 cells (breast epithelium); HeLa (cervix adenocarcinoma)	 
 	NOP5/NOP58
 	PPP2R4
 	TMEM66
 	FLJ21865
 	ALDH3B1
 	NEDD4L
 	CNN2
 	MAP4K4
 	AP4E1
 	ACOT7
 	STK4
 	VAC14
 	COPA
 	FXYD2
 	APP
 	BCL10
 	NBL1
 	PRKCE
 	CTNNBIP1
 	PLA2G6
 	SPATA21
 	ATP6V1A


BPLER cells (breast epithelium); HME1 cells (breast epithelium); HeLa (cervix adenocarcinoma)	 
 	PRKCDBP
 	PRKD2
 	PIGL
 	RAI1
 	CHST3
 	WBP2
 	ITPR1
 	KIF26B
 	ATF3
 	IL1RAP


BPE cells (breast epithelium); BPLER cells (breast epithelium); HME1 cells (breast epithelium); HeLa (cervix adenocarcinoma); K562 cells (erythroleukemia cells); MCF7 cells (breast epithelium)	 
 	C14orf133
 	DNAJA1
 	NUDC
 	PTGES3
 	CCT4
 	SPR
 	MORF4L2
 	ZC3H12A
 	TM2D3
 	EFEMP1
 	MICAL2
 	SPTAN1
 	ATP2C1
 	PRKAG2


BPE cells (breast epithelium); BPLER cells (breast epithelium); HME1 cells (breast epithelium); K562 cells (erythroleukemia cells)	 
 	C19orf6
 	RANBP3
 	RPL18
 	RORA
 	JMJD6
 	OSBPL3
 	P4HA2
 	RFX2
 	UBFD1
 	EARS2
 	ELL
 	CDH23
 	SNX3
 	FOXP1
 	DARS
 	ARHGEF16
 	TRAF3
 	FBXO15
 	ITGB3BP
 	SLC25A37
 	KIAA1755
 	CMIP
 	TNIK
 	NECAP2
 	CPAMD8
 	TYW3
 	PMVK
 	FBLN2
 	BMS1
 	MAT2A
 	CHD3
 	GNG7
 	ACSF3
 	TMPRSS9
 	ZFAND2A
 	CDC42EP4
 	TMEM95
 	BCO2
 	MBP
 	EFCAB7
 	TCTN1
 	EEF1G
 	DTX2
 	CRYZ
 	CLU
 	LDLR
 	TRIO
 	PDXK


BPLER cells (breast epithelium); K562 cells (erythroleukemia cells)	 
 	HMHA1
 	MAD1L1
 	LASP1
 	NUTF2
 	CENPT
 	DENND3
 	SH3PXD2A
 	ATXN1
 	PRDX5
 	WDR38
 	TRIM41
 	TTBK1
 	EIF4A2
 	HIST1H4H
 	ADAMTS13
 	PTP4A2


BPLER cells (breast epithelium); HME1 cells (breast epithelium); K562 cells (erythroleukemia cells)	 
 	SEPW1
 	UBE2B
 	PEBP4
 	CPA2
 	UBTD1
 	NGRN
 	CCDC151
 	JOSD1
 	JARID2


BPE cells (breast epithelium); BPLER cells (breast epithelium); HME1 cells (breast epithelium); K562 cells (erythroleukemia cells); MCF7 cells (breast epithelium)	 
 	RHBDD2
 	TPD52L2
 	UBE2D3
 	RSRC2
 	HAO2
 	CBX3
 	HNRNPA2B1
 	CKS2
 	PAX8
 	AANAT
 	TPT1
 	CCT5
 	PRKCA
 	ABHD3
 	PCBD1
 	STAT6
 	CAMTA1
 	CCDC57
 	KNTC1
 	SERINC4
 	LYRM4
 	PGAM5
 	WNT3
 	MBOAT7
 	TSEN34
 	NXN
 	BMP7


BPLER cells (breast epithelium); MCF7 cells (breast epithelium)	 
 	POLR3B
 	ANGEL1
 	GPC1
 	GOLGA3
 	HNRNPH3
 	PBLD
 	MLX
 	LRRC59
 	GTF2F1
 	PRR7
 	RALGDS
 	IFT122
 	RFC4
 	COQ4
 	PTEN
 	POLR2L
 	TRIM52
 	AHNAK2
 	TSPAN4
 	PRAF2
 	FOXK2
 	KLC1


BPE cells (breast epithelium); BPLER cells (breast epithelium); HME1 cells (breast epithelium); HeLa (cervix adenocarcinoma); K562 cells (erythroleukemia cells)	 
 	SPHK2
 	CELSR1
 	SNAP23
 	RANGAP1
 	MORC4
 	BAG3
 	DNAJB4
 	HSPA4
 	BAIAP2
 	SLC35F3
 	SLC5A3
 	MRPS6
 	AZIN1
 	TAF7


BPE cells (breast epithelium); BPLER cells (breast epithelium); MCF7 cells (breast epithelium)	 
 	CA12
 	PMS2
 	PARD6B
 	IDS


BPE cells (breast epithelium); BPLER cells (breast epithelium); HeLa (cervix adenocarcinoma); K562 cells (erythroleukemia cells)	 
 	LTBP4


BPLER cells (breast epithelium); HME1 cells (breast epithelium); HeLa (cervix adenocarcinoma); K562 cells (erythroleukemia cells)	 
 	PAPOLA
 	PRKCSH


BPLER cells (breast epithelium); K562 cells (erythroleukemia cells); MCF7 cells (breast epithelium)	 
 	PGK1
 	VRK3


BPLER cells (breast epithelium); HeLa (cervix adenocarcinoma); K562 cells (erythroleukemia cells)	 
 	UBE2I
 	PAQR4


BPE cells (breast epithelium); BPLER cells (breast epithelium); HeLa (cervix adenocarcinoma)	 
 	RAB5C
 	RBM25
 	FRS3
 	COL2A1
 	OXR1
 	SRP68
 	HRH1
 	ABLIM1


BPLER cells (breast epithelium); HME1 cells (breast epithelium); HeLa (cervix adenocarcinoma); MCF7 cells (breast epithelium)	 
 	SOS1


BPLER cells (breast epithelium); HME1 cells (breast epithelium); HeLa (cervix adenocarcinoma); K562 cells (erythroleukemia cells); MCF7 cells (breast epithelium)	 
 	CCT7


BPE cells (breast epithelium); BPLER cells (breast epithelium); K562 cells (erythroleukemia cells); MCF7 cells (breast epithelium)	 
 	CUX1


HME1 cells (breast epithelium)	 
 	SLC23A2
 	CPNE1
 	SLC35C2
 	ELMO2
 	CTPS
 	COL24A1
 	OBSCN
 	ZFYVE20
 	HACL1
 	BTD
 	RAD51AP2
 	SMC6
 	GEN1
 	NT5C1B
 	PLB1
 	DIS3L2
 	SSBP2
 	TBC1D1
 	PPP3CA
 	WDR17
 	TUBB4Q
 	CD109
 	MLLT4
 	TDRD7
 	ZMAT4
 	FKBP14
 	PLEKHA8
 	AP1S1
 	VGF
 	KCND2
 	OR56B1
 	CBARA1
 	NALCN
 	ERC1
 	PARP11
 	LST-3TM12
 	MRPS35
 	LUM
 	ACSBG1
 	PCNX
 	SKAP1
 	TERF2
 	ZFP161
 	ATP8B1
 	DSCR3
 	C22orf26
 	ORC1L
 	ZZZ3
 	IQWD1
 	C3orf15
 	C3orf28
 	SGEF
 	DDEF2
 	BRE
 	LYCAT
 	LASS6
 	C2orf21
 	FYB
 	NOL14
 	KIAA0922
 	C6orf138
 	C6orf170
 	GPR126
 	39416
 	PGCP
 	FAM84B
 	NFKBIL2
 	ZNF498
 	MLL5
 	FLJ14213
 	C11orf67
 	HNT
 	C10orf63
 	C10orf104
 	C10orf59
 	39145
 	C10orf79
 	LOC728858
 	KIAA1370
 	C14orf50
 	CCDC49
 	FLJ37464
 	TMEM16H
 	ZNF304
 	SLC30A9
 	ISL1
 	RB1CC1
 	GCLM
 	FAS
 	SH3YL1
 	GOPC
 	ZFR
 	PKP2
 	COL11A1
 	RNF4
 	MYO9A
 	TGFBR3
 	ARHGEF10L
 	SEMA3A
 	MKRN2
 	RBMS2
 	PLOD1
 	ADD1
 	SLC26A4
 	GPATCH2
 	BCL2L13
 	MICALL1
 	CTSZ
 	TUBB1
 	FLT1
 	SMPD3
 	ATP8B4
 	DMXL2
 	POP1
 	ANXA13
 	ARHGEF10
 	KCNN4
 	CARD8
 	CAV1
 	COBL
 	ZKSCAN1
 	TSPAN14
 	MFSD10
 	EHD1
 	NDUFS8
 	CAMKK2
 	NUP107
 	GNPTAB
 	PPP2R5D
 	CLINT1
 	RAD50
 	NR3C1
 	RPL24
 	ACVR1
 	TANC1
 	CCDC88A
 	FANCL
 	RAP1A
 	CTBS
 	KLF7
 	TNFAIP3
 	PPL
 	TTLL5
 	CRIPT
 	GRIA2
 	PLXDC2
 	ENOX1
 	PDZRN3
 	SPATA1
 	SLPI
 	PEX6
 	TREM1
 	RUNX2
 	C3
 	TNFSF14
 	FOXP2
 	KIF1C
 	GTPBP3
 	EXOC4
 	NINJ1
 	MATN3
 	CHRM3
 	LOXL2
 	NOTCH2
 	CD63
 	RDH5
 	BLOC1S1
 	TNS3
 	CALCOCO2
 	GCM1
 	CASP1
 	DUOX1
 	FBXO11
 	ASNSD1
 	FBN2
 	RNF185
 	SLC38A4
 	DUOXA1
 	DUOXA2
 	DUOX2
 	MINK1
 	RERE
 	FNDC7
 	COP1
 	HMCN1
 	ADAMTSL4
 	RAB13
 	NUP210L
 	ACP1
 	C1orf35
 	RHOB
 	ANK2
 	PIK3R1
 	MYLK4
 	CYP39A1
 	ARHGAP18
 	C7orf50
 	ZNF92
 	TMEM47
 	DOCK11
 	ST18
 	SLC39A12
 	INTS4
 	DIXDC1
 	DLAT
 	ME3
 	PIGF
 	ANKAR
 	ACSL1
 	PARP8
 	PTPN14
 	HOMER1
 	SPEF2
 	MEPE
 	GJA1
 	MR1
 	SLC25A27
 	CMTM7
 	CACNA2D1
 	ENAH
 	ADAMTS1
 	CYP2U1
 	ADK
 	CLDN12
 	PKD1L1
 	BTG2
 	PTGIR
 	CXCR5
 	VPS28
 	LARP4
 	TPCN2
 	ZNF326
 	MRPL55
 	CCDC138
 	ARHGAP25
 	SLC22A15
 	NUDT2
 	TMEM65
 	JAM3
 	DIS3L
 	RAB4A
 	FAM83B
 	VWA3B
 	NFU1
 	NLGN1
 	CD34
 	APOF
 	SLC35E3
 	CIDEA
 	RNF152
 	FAM91A1
 	ARID3B
 	ZBTB20
 	CRIP2
 	MTA1
 	FBXL7
 	RP1L1
 	TTC32
 	EFNA5
 	SV2B
 	PRKG1
 	KIF24
 	MAGI2
 	COL4A5
 	LRRK2
 	OR2L13
 	INCA1
 	LAMB3
 	LHFPL5
 	OPA1
 	VDAC1
 	ITGA1
 	FER1L6
 	B3GNTL1
 	KCNIP4
 	ZNF294
 	C21orf56
 	C22orf25
 	MAP3K7IP1
 	C1orf144
 	LOC388610
 	FAM46B
 	C1orf164
 	LOC126661
 	CCBL2
 	KIRREL
 	TMEM16K
 	PVRL3
 	WDR52
 	EVI1
 	LOC129293
 	SH3MD4
 	LOC402117
 	MARCHF4
 	FLJ33590
 	KIAA0947
 	MARCHF6
 	FAM105B
 	C5orf21
 	MARCHF3
 	CENTD3
 	C5orf41
 	WHSC1
 	CNO
 	TMEM34
 	LOC729830
 	ODZ3
 	BTN2A3
 	ZNF322A
 	KIAA0776
 	TXNDC4
 	C9orf5
 	FLJ43582
 	RDHE2
 	PXMP3
 	C8ORFK36
 	KIAA0196
 	KIAA1688
 	C7orf10
 	FLJ21062
 	DKFZP564O0523
 	TRYX3
 	UTX
 	MCART6
 	DPH4
 	C10orf97
 	MARCHF5
 	KIAA1754
 	LHFP
 	CCDC41
 	FLJ42957
 	EXDL1
 	C14orf153
 	LOC201229
 	SNIP
 	C17orf57
 	TCEB2
 	KIAA0174
 	PGLS
 	FLJ16165
 	SS18
 	FAM59A
 	SNX11
 	M6PR
 	MPND
 	REV3L
 	HIVEP2
 	SNAI2
 	NRXN3
 	ABCC2
 	RRAGD
 	BTN3A1
 	SLC39A9
 	RNF19A
 	VCL
 	NSMAF
 	CUL3
 	RAI14
 	CTNNA1
 	R3HDM1
 	OPN3
 	ZNF275
 	HIPK2
 	TBC1D22B
 	NGEF
 	TRAM1
 	NAV3
 	LAPTM4A
 	KIF2A
 	PFN2
 	TESK2
 	UBE2D1
 	EVC
 	NDE1
 	EIF4G3
 	DGKD
 	DYNC1I2
 	SLC25A43
 	PCM1
 	EPHA6
 	CLDND1
 	PCDHGA2
 	ULK2
 	NUFIP1
 	ZMPSTE24
 	WDR47
 	MGST2
 	HSD17B2
 	MTMR2
 	BAX
 	PIGS
 	PSMC5
 	TXNDC16
 	GNA11
 	EPB41L1
 	SLC4A11
 	ALKBH5
 	CDC5L
 	MAST3
 	HSCB
 	PACSIN2
 	TNRC6B
 	PSMA3
 	ERH
 	CHD8
 	POFUT1
 	MID1
 	WDR13
 	NDFIP2
 	FNDC3A
 	CAB39L
 	TRIM35
 	INTS9
 	UBR5
 	TNFRSF10A
 	CADM4
 	ATP6V0A4
 	CPVL
 	PHYH
 	MINPP1
 	SORCS1
 	RNF43
 	FTSJ3
 	SMARCD2
 	B9D1
 	COL1A1
 	PMP22
 	UNC119
 	SLAIN2
 	CLCN3
 	SLC2A9
 	UFSP2
 	DCPS
 	EIF4G2
 	CAPRIN2
 	PPM1H
 	VPS29
 	SLC38A1
 	BMP5
 	CCNC
 	CCR6
 	GHR
 	MRPS27
 	RASGRF2
 	TTC33
 	UBE3A
 	NCBP2
 	DGUOK
 	STAM2
 	PSMD14
 	PLA2G4A
 	BCAS2
 	RLF
 	B4GALT2
 	DPH5
 	NRP2
 	STBD1
 	RARRES1
 	WDR35
 	ITGB1BP1
 	CPSF3
 	SENP5
 	CTNNAL1
 	MAPKAP1
 	GALNT12
 	SUPT7L
 	ATAD2B
 	MTHFD1L
 	CENPL
 	SEC16B
 	SNX19
 	NCAPH
 	TNFSF10
 	TMEM156
 	MTIF3
 	UBL3
 	INHBA
 	BICC1
 	RBM19
 	SSPN
 	ITPR2
 	ATP7B
 	ZC3H13
 	OPTN
 	BAZ2B
 	KCNS1
 	MCEE
 	USP22
 	SLC17A1
 	DNAH8
 	COL21A1
 	RAB17
 	PLAGL2
 	PROZ
 	UXT
 	BCL11B
 	UBR4
 	MTX2
 	HERC2
 	CLN6
 	E2F8
 	PHF20L1
 	CCNT1
 	EPB41L4A
 	SLC27A1
 	TULP4
 	SNX9
 	C6orf203
 	RSPH3
 	MNX1
 	AKAP12
 	KHDRBS3
 	ACTR10
 	LGALS3
 	FBXW9
 	CNGA4
 	PER2
 	GUCY2D
 	MMACHC
 	DPH2
 	TOE1
 	MUTYH
 	KANK4
 	CDK8
 	DCLK1
 	RNF128
 	MYO18B
 	FAM83F
 	EIF2S1
 	IER3IP1
 	CD180
 	CEPT1
 	YWHAQ
 	LRP4
 	DTNA
 	ADAM19
 	RINT1
 	CAPRIN1
 	ITGA7
 	RAB11FIP5
 	FHOD1
 	SLC9A5
 	FAM129A
 	TTLL4
 	TSGA10
 	LRCH1
 	COG3
 	SETDB2
 	IGF2BP3
 	BLK
 	ATP6V1G1
 	DENND4C
 	TINAG
 	RNF121
 	TGS1
 	PPP2R1B
 	UACA
 	BCAR3
 	TRIM54
 	GPR87
 	STAT4
 	HERC3
 	HNRNPD
 	RAP1GDS1
 	ETV6
 	PIK3C2G
 	PLCZ1
 	LRIG3
 	GAS2L3
 	SLC38A6
 	WARS
 	WDR61
 	TPM1
 	BBS4
 	ADAMTS18
 	ZCCHC14
 	COPS3
 	SSH2
 	MAPK4
 	STAC2
 	CBLC
 	MAP3K6
 	UFC1
 	PPOX
 	USP21
 	CASQ1
 	RGL1
 	INTS7
 	TP53BP2
 	CNIH3
 	OSR1
 	SFXN5
 	NPHP1
 	ZC3H8
 	ZNF385B
 	UBR3
 	SUMF1
 	RHBDD1
 	SLC25A26
 	MED12L
 	ALDH1L1
 	FABP2
 	TNFAIP8
 	COMMD10
 	MEGF10
 	GABRB2
 	TNIP1
 	SDK1
 	TMEM168
 	DNAJC5B
 	TRIM55
 	SLC26A7
 	MTDH
 	NFIB
 	A1CF
 	CAMK2G
 	GAS2
 	DLG2
 	CACNA1C
 	ANK3
 	RAD9B
 	MIPOL1
 	ADAM17
 	FLI1
 	BICD1
 	DST
 	PSTPIP2
 	CWF19L2
 	SUV39H2
 	CCNO
 	ACMSD
 	FAM49B
 	ANKFN1
 	MIA3
 	BTG3
 	ANKRD40
 	ZFYVE27
 	RASA2
 	ADAMTS3
 	SLC28A1
 	CXCL13
 	SORCS3
 	HKDC1
 	NMNAT2
 	MYO1E
 	DYRK1A
 	CREB3L1
 	DGKI
 	SPPL3
 	SKI
 	PTPDC1
 	SHROOM4
 	SLAMF8
 	CACHD1
 	DONSON
 	CBR1
 	CCDC58
 	FBXL13
 	TNFSF13
 	SENP3
 	PDZK1IP1
 	PDPN
 	NFIA
 	GBP2
 	ZNF281
 	NLRP3
 	MAPKAPK2
 	SGPP2
 	AZI2
 	MON1A
 	MST1R
 	WDR82
 	OTUD4
 	RNF180
 	STXBP5
 	BMPER
 	BAALC
 	TP53INP1
 	HNRNPK
 	CASP7
 	SLC39A13
 	PSMC3
 	KCNC2
 	DEPDC4
 	BTRC
 	BAG5
 	PRTG
 	NDST2
 	TMEM135
 	NNMT
 	KATNAL2
 	HDHD2
 	STIM1
 	CYB5D2
 	C2CD3
 	NAALADL1
 	DTYMK
 	MLKL
 	SLC20A2
 	SLC16A4
 	FSTL5
 	ZNF608
 	MRPL1
 	UGP2
 	ZFPM2
 	TMED10
 	SEMA3E
 	TMC7
 	SOCS6
 	DCDC1
 	HAS2
 	PDGFD
 	JAGN1
 	RBKS
 	UGT2B7
 	LGALS4
 	JMJD1C
 	SYNPO
 	KRCC1
 	ZNF24
 	AFF1
 	SMPDL3A
 	TRIB1
 	TNFRSF10D
 	C11orf80
 	STAT5B
 	TRAF6
 	WFDC5
 	EIF3F
 	CREG2
 	ZDHHC21
 	HSF5
 	SLC38A9
 	TBL1XR1
 	ZBTB41
 	DMAP1
 	STAP2
 	DDX10
 	NDUFV2
 	NT5DC1
 	ZHX2
 	RMI1
 	MRFAP1L1
 	TMTC2
 	ZNF664
 	R3HDM2
 	TSHZ1
 	ZADH2
 	SOX2
 	ZBTB2
 	RELL1
 	MGAT4C
 	CEP97
 	SATB1
 	CAMK1D
 	MEX3B
 	ZNRF3
 	BTBD9
 	ARSI
 	KCNQ3
 	PRKD1
 	WDR27
 	HS6ST3
 	ROR1
 	SETD4
 	C15orf41
 	CYP2R1
 	PRELID2
 	TMPRSS12
 	FOXD3
 	WDR86
 	PLSCR1
 	SLC24A5
 	ZNF600
 	SPOCK3
 	SUPT3H
 	ADH7
 	MME
 	FAM3C
 	PGAP1
 	S100A10
 	CD2AP
 	HELZ
 	ASPH
 	ITSN2
 	ZNF536
 	GRK5
 	NOS1AP
 	ATXN2
 	PCDHGA1
 	LGR4
 	PRR13
 	SAMD9
 	DPF3
 	CRYZL1
 	COL6A6
 	ANKRD28
 	GBP7
 	PPP1CB
 	IQCJ
 	FIS1
 	PPME1
 	HSBP1
 	TNFSF12
 	PCDHGC3
 	PCDHGC5
 	PCDHGC4
 	MRPL33
 	USP51
 	TNFSF12-TNFSF13
 	PCDHGB6
 	PCDHGA7
 	PCDHGA8
 	PCDHGB2
 	PCDHGB4
 	PCDHGB7
 	PCDHGB1
 	PCDHGA9
 	PCDHGB3
 	AGK
 	PTPRC
 	PCDHGA4
 	KRT37
 	KRT23
 	MMP28
 	AKT3
 	NTAN1
 	ABR
 	ORAI1
 	PLCH2
 	PCDHGB5
 	TJP1
 	GPIHBP1
 	RRN3
 	MAP3K14


HME1 cells (breast epithelium); HeLa (cervix adenocarcinoma)	 
 	EFHD2
 	RDH14
 	SLC4A10
 	ANKRD12
 	C1orf129
 	IL8
 	ZC3H11A
 	NFYC
 	PTGS2
 	SQLE
 	SERPINE1
 	MS4A6A
 	CLK4
 	ATF2
 	RGS2
 	ZNF227
 	IL6ST
 	FST
 	ACVR1B
 	SEC24B
 	HERC4
 	HSPB8
 	DUSP2
 	DHRS3
 	CDC42EP3
 	FOS
 	MANEA
 	RPS27
 	PCGF3
 	ASTL
 	LBH
 	PTPRN2
 	TMEM77
 	BAT2D1
 	BHLHB2
 	MKL2
 	USH2A
 	PUM2
 	DDX20
 	RAB10
 	PPP1R15A
 	POLRMT
 	HMOX1
 	EP300
 	PLEK2
 	GRIN2D
 	MET
 	PLEKHA1
 	ZNF451
 	LNPEP
 	CCL20
 	GLS
 	IL1RL1
 	QPCT
 	LEPR
 	ATP6V0B
 	HEATR1
 	TBX3
 	ZNF365
 	FCN3
 	CYP4B1
 	GABPB2
 	MEIS1
 	OGT
 	MFHAS1
 	ADM
 	HMGA2
 	ARID5B
 	PDE3B
 	DAB2
 	PSD3
 	RAPGEF6
 	PEA15
 	DISC1
 	YEATS2
 	AGGF1
 	ARHGAP12
 	TAF10
 	SRRM2
 	GLYCTK
 	CDCA4
 	PDE7B
 	BCL2L1
 	SMARCC1
 	RIN1
 	ERCC4
 	FLRT2
 	ANKFY1
 	TSPYL4
 	COL14A1
 	CHM
 	KPNA5
 	CR1L
 	ZNF44
 	RUSC2
 	LEPROT
 	TRIM31
 	PCDHGA12
 	PCDHGA5
 	PCDHGA6
 	PCDHGA10
 	PCDHGA11
 	PCDHGA3


BPE cells (breast epithelium); HME1 cells (breast epithelium); K562 cells (erythroleukemia cells)	 
 	ALK
 	PRIM2
 	NAV2
 	CLDN10
 	PARK2
 	C10orf11
 	ANLN
 	UBR2
 	CLEC16A
 	TBXAS1
 	CLASP1
 	BAZ2A
 	ESR1
 	TULP2
 	OAZ1
 	ASPN
 	CUX2
 	DUSP1
 	KHDRBS1
 	P4HA1
 	CBFA2T3
 	ASCC1
 	B4GALNT3
 	SLC47A1
 	KLHL3
 	ADAM12
 	NRG1
 	ZNF618
 	INSR
 	PPID
 	WDR25
 	CCDC121
 	SMYD3
 	CENPP
 	DAPK1
 	GPN1
 	PNMAL1
 	FUT8
 	MAP4
 	EPB41L4B
 	PPM1F
 	ARHGEF7
 	XYLT1
 	H2AFY
 	CHRNA2
 	ZBTB46
 	KSR1
 	DMRTB1
 	HSD17B12
 	GPRASP2
 	FOXK1
 	CACNB2
 	NBPF10
 	EPHB6
 	ELOVL5
 	VPS13D
 	SPO11
 	FNDC3B
 	OSBPL6
 	SENP1
 	XPO1
 	HSD17B14
 	DAZL
 	MYH9
 	MEFV
 	CDC37
 	LGALS3BP
 	E2F3
 	HS3ST3B1
 	RAB3IP
 	SLC44A2
 	KIF1A
 	SLC39A1
 	CREB3L4
 	ZFYVE28
 	SHC1
 	LENEP
 	CCT2
 	CKS1B
 	MSRB3
 	CSRP2
 	RIMS2
 	CLN8
 	TSPYL2
 	SH3BGR


BPE cells (breast epithelium); HME1 cells (breast epithelium)	 
 	MCC
 	DCUN1D4
 	SPATA4
 	GLI3
 	C7orf52
 	KCNMA1
 	TMCO3
 	CLMN
 	SEC22B
 	PCNXL2
 	RBMS3
 	ULK4
 	CACNA2D3
 	CRIM1
 	NAP5
 	ALS2CR11
 	FRAS1
 	ARHGAP10
 	UTRN
 	RSBN1L
 	METT5D1
 	PVRL1
 	ARHGEF12
 	MPP7
 	MYO5A
 	SLC25A21
 	C20orf26
 	KIAA1219
 	CCDC21
 	UBXD5
 	NOTCH2NL
 	C1orf19
 	LOC165186
 	FLJ41603
 	FAM13A1
 	MAP3K7IP2
 	C6orf72
 	JMJD2C
 	FAM125B
 	DDEF1
 	CENTG3
 	MLL3
 	C11orf66
 	RARRES3
 	TMEM16A
 	CCDC147
 	C12orf59
 	ATP5B
 	EML5
 	C14orf159
 	FLJ41766
 	LOC283867
 	C19orf35
 	GRLF1
 	GLTSCR1
 	KIAA0427
 	CALCR
 	PHLDB1
 	STAU2
 	C12orf4
 	PLEKHA5
 	MTA3
 	CA11
 	RAB27A
 	NUAK1
 	RASAL2
 	FRYL
 	NT5C2
 	APBB1IP
 	MYNN
 	SLC7A8
 	DPYSL2
 	CDC6
 	SEZ6L
 	TRIOBP
 	CRYBB1
 	ZFYVE21
 	MAPRE1
 	SGCG
 	PSMD7
 	SLC7A5
 	PPP2CB
 	ETFB
 	HOXA2
 	HOXA3
 	TAX1BP1
 	CHN2
 	CPEB3
 	FIG4
 	SEMA5A
 	CPEB4
 	GBE1
 	LMAN2L
 	SDC1
 	PLCL1
 	WIPF1
 	TTF2
 	WARS2
 	PPP1R3C
 	TEK
 	UFM1
 	CALD1
 	XRCC3
 	BEST3
 	TPST2
 	EIF2AK4
 	PALLD
 	KCTD1
 	DSG3
 	FHOD3
 	TAOK3
 	AHI1
 	DNAJC1
 	RAB30
 	THBS1
 	GIPC2
 	AOX1
 	SEC31A
 	PPA2
 	FGD4
 	GLTP
 	FRMD6
 	SRP14
 	CDH13
 	NME7
 	JTB
 	FBXO28
 	SPAG16
 	LRIG1
 	LPP
 	CAMK2D
 	USP53
 	CDH18
 	ARHGAP26
 	SESN3
 	THRB
 	FER
 	FRMD4A
 	SACS
 	PLOD2
 	BANK1
 	UBASH3B
 	XPC
 	TIAM1
 	NSMCE2
 	CLDND2
 	CAPN2
 	DLC1
 	REEP3
 	NAB2
 	PNOC
 	TMEM129
 	RASSF6
 	ELOVL6
 	TMEM43
 	SOX7
 	ANKLE2
 	ADAMTSL1
 	GRM8
 	FIGN
 	TRAK1
 	GSTA5
 	GPC6
 	SCFD2
 	PCDH9
 	MAML2
 	AGBL4
 	CCDC84
 	BCR
 	DNER
 	ARL9
 	DPP4
 	STK39
 	RASSF9
 	SGMS1
 	TEDDM1
 	KRT6A
 	ZNF512
 	FCGR2C
 	NOX5
 	NCOA4
 	CNTNAP2
 	UCRC
 	GLT8D4
 	GPR98
 	KIAA0020
 	DEC1
 	UNQ9391
 	WBSCR18
 	FER1L3
 	FAM130A1
 	SP7
 	LOC388327
 	PER1
 	ACCN1
 	TADA2L
 	DUS2L
 	C18orf45
 	AP2B1
 	GPRC5A
 	ARNTL2
 	PI4K2B
 	RAB27B
 	DSG2
 	ARID1B
 	LAMA3
 	CDH3
 	CYB5R4
 	DIP2B
 	NFATC3
 	MAP3K13
 	RFX3
 	SMARCA2
 	ME2
 	GRHL2
 	AKR1B1
 	PGS1
 	C20orf194
 	XRN2
 	GLG1
 	PUS7
 	AAAS
 	PCSK5
 	ZMAT5
 	C1GALT1
 	CLIP2
 	PRUNE2
 	TESK1
 	BMPR1A
 	MED31
 	GLRB
 	KRT18
 	NCOA7
 	SLC26A8
 	MAPK14
 	PHACTR1
 	EYA4
 	FGF1
 	LRRC42
 	C1orf21
 	DNAJC6
 	DARS2
 	TGFBI
 	WIPF3
 	LRRFIP1
 	HIVEP3
 	TXNDC17
 	SH3BP4
 	SYNE1
 	TBC1D5
 	CA6
 	SBF2
 	NUMB
 	MBD2
 	IRAK2
 	EHF
 	CEP350
 	DOCK10
 	FLNB
 	ANP32B
 	CD72
 	Gcom1
 	EXOC6
 	AEBP2
 	TMEM117
 	MBNL2
 	DTL
 	NFKBIZ
 	LHFPL2
 	SLC22A3
 	CREB5
 	SH3KBP1
 	PARD3
 	ZEB1
 	KIRREL3
 	JPH2
 	PTPRO
 	STK32B
 	FBXL2
 	ABCA10
 	SH3RF1
 	ADAMTSL3
 	FAM122B
 	ZFYVE9
 	LCA5L
 	PALM2-AKAP2
 	FGF11
 	OMA1
 	KBTBD8
 	MTHFD2L
 	ANXA5
 	MOCS2
 	FAT3
 	KBTBD6
 	FRS2
 	MMP10
 	TUBA1C
 	LMBRD1
 	LRP1B
 	PPIC
 	CHRNB1
 	KCND3
 	PRNP
 	FRMD5
 	TLN2
 	DPAGT1
 	SPTLC3
 	MMRN2
 	IL20RB
 	VPS37D
 	TRIML2
 	ABCA13
 	NRXN1
 	PITPNB
 	TMEM102
 	CACNB4
 	RGS6
 	CTNNA3
 	KIAA2026
 	OSBP2
 	RBM33
 	IMMP2L
 	FAF1
 	UBE2H
 	GCNT1
 	THSD4
 	GTF2F2
 	INSC
 	AFAP1
 	ZNF398
 	SVIL
 	LEKR1
 	DDX42
 	CTNND1
 	TOX
 	BHLHB9
 	SLC35B4
 	TRIM16
 	TSPAN19
 	CLEC2L
 	PPIL3
 	WDR92
 	HMBS
 	TRPV6
 	SURF4
 	ATP9B
 	SLC39A11
 	NPAL3
 	PRNPIP
 	LPHN2
 	C1orf111
 	FLJ13137
 	C2orf34
 	MAP1D
 	FAM119A
 	BXDC2
 	ODZ2
 	NHEDC2
 	LRRC16A
 	KIAA1949
 	DPCR1
 	C6orf130
 	UBE2CBP
 	C7orf44
 	PFTK1
 	KIAA0564
 	LOH12CR1
 	IFLTD1
 	CNIH
 	CCDC46
 	MYST1
 	PAPD5
 	MOBKL2A
 	FKSG24
 	NFYA
 	ST7
 	ITGAL
 	IFRD1
 	LRRC23
 	IL20RA
 	MNAT1
 	BIRC3
 	TG
 	ARHGAP6
 	DCBLD2
 	ATG5
 	SYT1
 	TMEM131
 	PLXNA2
 	SCGN
 	ACOX3
 	MMP2
 	TASP1
 	FXYD3
 	RAPGEF4
 	BCL7C
 	MKNK2
 	VRK1
 	LPIN2
 	BCKDK
 	TTC23
 	GYS1
 	TJP3
 	RAB3A
 	CDK6
 	ELAVL2
 	SEC23IP
 	KAZALD1
 	ZMIZ1
 	SASH1
 	ASCC3
 	WASF1
 	PRSS16
 	RAD1
 	BCL6
 	FHL2
 	AAK1
 	DHCR24
 	ZBTB17
 	PLA2G2D
 	GBP3
 	INVS
 	CPXM2
 	FLT3
 	APOBEC2
 	DEK
 	PCSK2
 	EPS15L1
 	YWHAH
 	MRPS25
 	VPS13B
 	LRRIQ1
 	CABLES1
 	ANXA1
 	TMPRSS4
 	BBS7
 	CNOT6L
 	TPH2
 	SLC7A1
 	FTO
 	DYM
 	DUSP10
 	SNAPIN
 	ASXL2
 	THSD7B
 	COPS7B
 	SLIT2
 	CCNA2
 	SETD7
 	RNF145
 	RIPPLY1
 	CTF1
 	DCUN1D2
 	ZNF827
 	AP1S3
 	SCOC
 	RBMS1
 	CD96
 	CFDP1
 	LGI4
 	ABCA9
 	SPAG17
 	CLSTN2
 	B4GALT5
 	EPB41
 	ZBTB7B
 	FLAD1
 	OLFML2B
 	VSNL1
 	CDC20B
 	PDSS2
 	ZHX1
 	DCHS1
 	RNF169
 	TMEM92
 	PTGDR
 	DNAJC21
 	PTAFR
 	SDC2
 	YWHAG
 	USP47
 	EMB
 	KCNS3
 	C8orf74
 	SLCO3A1
 	NR2C2
 	ZBED2
 	C12orf42
 	ARSJ
 	MEX3D
 	CAV3
 	PLCXD3
 	MRPL54
 	EFHC2
 	GPR39
 	GPR173
 	RALYL
 	KCNQ5
 	ERC2
 	TCEA1
 	NKAIN2
 	CPNE4
 	AJAP1
 	COL27A1
 	SCN8A
 	DNM3
 	FAM3D
 	DMD
 	LSM2
 	KRT81
 	COL28A1
 	ACBD6
 	NRM
 	CALR3


BPE cells (breast epithelium); HME1 cells (breast epithelium); HeLa (cervix adenocarcinoma); K562 cells (erythroleukemia cells)	 
 	RBPMS
 	BAI1
 	CRYM
 	NUCB1
 	DBP
 	KCNN1
 	ZC3HAV1
 	CRYAB
 	DNAJB2
 	SCARB2
 	CDC42BPA
 	IER5
 	KIAA0895
 	ABTB2
 	NKIRAS2
 	DNAJC7
 	FBXL14
 	AGTRAP
 	HIBCH
 	DFNB31
 	CHP
 	CLK1
 	ANKRD11
 	APBA3
 	CACNA1G
 	PLEKHA4
 	NOTCH1
 	SIM2
 	NUDT9
 	ACBD3


BPE cells (breast epithelium); HME1 cells (breast epithelium); HeLa (cervix adenocarcinoma)	 
 	PTPRE
 	VAV3
 	MBNL1
 	TANK
 	STAT1
 	PCDH7
 	ARPM1
 	CENTG2
 	NARG1L
 	RCN1
 	ZNF638
 	FOSL2
 	MAST2
 	TBC1D2
 	SORBS1
 	MTAP
 	HOXA1
 	NUP98
 	UST
 	PDE4D
 	ANXA11
 	GLUL
 	LAMC1
 	PLXNC1
 	SH3BGRL3
 	PKP4
 	SETBP1
 	SLBP
 	IL7R
 	ZNF395
 	PLCD1
 	MITF
 	SESTD1
 	SRGAP3
 	KLRK1
 	KCNQ2
 	CCRN4L
 	SP140
 	SCAMP1
 	WAC
 	BDKRB1
 	SIPA1L3
 	CPE
 	EHBP1
 	PGF
 	POLR3GL
 	MAP1B
 	NT5E
 	OSBPL1A
 	EIF2B5
 	MYO10
 	RSRC1
 	ZBTB7A
 	H2AFX
 	DPYD
 	MKL1
 	C1orf77
 	WBP5
 	KIAA0774
 	SLC24A6
 	CDC27
 	FBXW11
 	KPNA3
 	CHIC2
 	ACSL3
 	RALY
 	MTUS1
 	LGR6
 	ARNTL
 	SP110
 	DUSP5
 	PRKG2
 	F11R
 	PTMS
 	AKAP13
 	PDE4B
 	RYBP


BPE cells (breast epithelium)	 
 	ZNF343
 	MACROD2
 	C20orf74
 	KCNJ6
 	SDC3
 	NEGR1
 	LRRC8C
 	F3
 	C1orf218
 	C1orf57
 	CTNNB1
 	GABRR3
 	GSK3B
 	TM4SF18
 	MEMO1
 	COL6A3
 	PASK
 	PPP1R7
 	CDH12
 	FLJ13611
 	SGTB
 	COL4A3BP
 	PJA2
 	CSNK1G3
 	CSNK1A1
 	ADRA1B
 	BMPR1B
 	FLJ20184
 	MAB21L2
 	LRBA
 	KIAA1712
 	FBXO8
 	PHF3
 	PERP
 	ENPP2
 	SLC25A13
 	CNOT4
 	SLC37A3
 	CXorf15
 	HDX
 	POF1B
 	HCCA2
 	PARG
 	ATRNL1
 	UGCGL2
 	CASC1
 	LYRM5
 	ATF7
 	TBC1D15
 	CEP290
 	TMTC3
 	KCTD10
 	FBN1
 	KTN1
 	SCARF1
 	HYDIN
 	PPP4R1
 	NOL5A
 	C20orf196
 	UQCC
 	C20orf52
 	GTPBP5
 	KIAA1751
 	SFRS4
 	KIAA0494
 	C1orf41
 	C1orf83
 	GPR177
 	HIAT1
 	WDR42A
 	C1orf9
 	C1orf96
 	FAM116A
 	MINA
 	NAG
 	C2orf30
 	LOC51057
 	LOC130576
 	HRB
 	HISPPD1
 	CCDC4
 	C4orf26
 	MGC48628
 	ACCN5
 	C4orf18
 	C6orf195
 	C6orf218
 	GPR115
 	AIM1
 	FAM26D
 	KIAA1244
 	C9orf84
 	C8orf42
 	CENTA1
 	LOC54103
 	TMEM27
 	C10orf35
 	C10orf118
 	KIAA1598
 	NUPL1
 	C12orf26
 	DRAM
 	GRINL1A
 	NARG2
 	FLJ11506
 	EFTUD1
 	WDR22
 	C14orf102
 	LOC374569
 	TMEM49
 	M6PRBP1
 	ZNF397OS
 	GCLC
 	VPS41
 	ADIPOR2
 	UPP2
 	ST7L
 	HEATR5B
 	FYN
 	LARS2
 	SLC11A1
 	CXorf56
 	NCDN
 	ALAS1
 	NCAPH2
 	KPNA6
 	MYO16
 	LMO3
 	MCF2L2
 	CUL1
 	ATP11B
 	FAM107B
 	SLC9A3
 	ZBTB11
 	ATP1B3
 	ABCB11
 	NUP37
 	RBM7
 	SPAG6
 	NAALAD2
 	MAGI3
 	BZW1
 	COL19A1
 	CHMP2B
 	PIR
 	DOCK3
 	RPH3A
 	KIF16B
 	RBM27
 	OSBPL8
 	WDR76
 	MSH2
 	TDRD1
 	DSP
 	LMF2
 	CABP7
 	ASCC2
 	CERK
 	KCNK10
 	CDKL1
 	ACIN1
 	PABPC1L
 	DHX35
 	DGKH
 	TSC22D1
 	IQCH
 	CTSH
 	DOT1L
 	BET1
 	WDR91
 	MYL7
 	UBE2R2
 	TNKS2
 	KPNB1
 	PSMD11
 	ANXA10
 	HTATIP2
 	CTSC
 	CBL
 	PPFIBP1
 	EXOC2
 	GMDS
 	PFDN1
 	SKP1
 	ARL6
 	CEP70
 	GRK7
 	IQCG
 	PLEK
 	PARD3B
 	ALMS1
 	CAPZA1
 	SMG7
 	CNN3
 	NSL1
 	ATF6
 	ANKRD13C
 	ARMC2
 	RAD23B
 	HSDL2
 	YPEL5
 	SLC25A2
 	TNFSF18
 	EPC1
 	SIL1
 	PIK3CA
 	LDB3
 	ACADS
 	RASSF8
 	NRK
 	CLYBL
 	STK35
 	DSTN
 	PZP
 	PDE11A
 	EGLN3
 	ECSIT
 	CAMSAP1
 	ATXN10
 	RBM39
 	CKMT2
 	SLC6A11
 	RPA1
 	FLOT2
 	SNAP25
 	ATP8A2
 	PIK3C2B
 	MACROD1
 	MORC2
 	KRBA1
 	SWAP70
 	NGF
 	DSC1
 	CLOCK
 	CD36
 	TEC
 	USP15
 	KCNK1
 	RCBTB1
 	LMO7
 	MTHFS
 	DDX60
 	SORL1
 	YAP1
 	UNC13C
 	MAPKBP1
 	IFI44L
 	HADHB
 	MMRN1
 	CPNE8
 	RHOF
 	RNF113B
 	PTRH2
 	GNAL
 	KIAA0319L
 	HHIPL2
 	FLG2
 	EXOC6B
 	CTDSP1
 	SPATA16
 	KLHL8
 	SPATA5
 	CDKAL1
 	AIG1
 	LUC7L2
 	NSDHL
 	UHRF2
 	ZCCHC7
 	AUH
 	ZNF462
 	TCF7L2
 	LIN7C
 	C11orf49
 	CCDC82
 	C11orf52
 	TMC2
 	ITGB1
 	RGS18
 	PPP1R1C
 	MAGI1
 	NPAS3
 	NUBPL
 	NEK7
 	FARP1
 	PANK1
 	ACOXL
 	CAST
 	KCTD15
 	SEMA3D
 	LRRK1
 	PLCL2
 	ELMO1
 	ART3
 	PHF6
 	WASF2
 	AHCYL2
 	CDC42SE2
 	CSRP1
 	RCAN1
 	ZNF385A
 	ZNF653
 	IL24
 	CLDN1
 	STT3B
 	FYCO1
 	ABLIM2
 	BSN
 	EGFLAM
 	C8orf34
 	RASEF
 	E2F7
 	NELL1
 	MYO5B
 	DHRS13
 	DDB1
 	SCARA3
 	KCNG4
 	DYNLRB2
 	NMD3
 	KCNAB1
 	CTNND2
 	MUC17
 	TPST1
 	FRMPD4
 	UBE2E1
 	KRT74
 	KRT72
 	POLH
 	GPHN
 	NINJ2
 	CYP4F22
 	GTPBP2
 	KLHL6
 	DMXL1
 	NADSYN1
 	VANGL1
 	ARV1
 	CSPG4
 	SUSD5
 	MGA
 	KY
 	LARP7
 	UNC119B
 	EFCAB5
 	NAALADL2
 	RIC8A
 	OR13D1
 	MAP3K15
 	ST20
 	SLC9A9
 	MRPS11
 	FAM89A
 	GABRG3
 	PLCB1
 	CSMD1
 	OPCML
 	ALDH1A3
 	ZFP1
 	ANKS1B
 	GALNT17
 	ZBTB37
 	OLFML2A
 	NRG3
 	WWOX
 	OR9Q1
 	SMYD4
 	ZNF397
 	LYPD6
 	TPRG1
 	ZC3H6
 	TMEM120B
 	MTF1
 	TRAPPC2
 	ZNF431
 	GPATCH3
 	APCDD1L
 	UBE2J1
 	SMC5
 	KIAA0753
 	INPP5B
 	RUFY2
 	ZNF616
 	SPINK9
 	SNX2
 	STK38L
 	DENND1B
 	STARD10
 	AKAP2
 	ZNF718
 	PRKDC
 	OR9A4
 	CLEC5A
 	MRPL46
 	IQSEC3
 	ZNF595
 	NAPEPLD
 	C20orf94
 	C20orf79
 	C20orf152
 	SFRS6
 	C22orf36
 	AFAR3
 	EIF2C1
 	C1orf149
 	WDR65
 	C1orf32
 	RAB7L1
 	C1orf71
 	DKFZp667G2110
 	C2orf43
 	C2orf39
 	SEPTIN10
 	IL1F6
 	C2orf25
 	LOC129881
 	FLJ38973
 	C2orf60
 	ACCN4
 	FAM134B
 	RNASEN
 	DKFZP686E2158
 	C4orf22
 	PGDS
 	C4orf37
 	CCDC109B
 	C6orf32
 	C6orf10
 	KIAA0240
 	C6orf199
 	C6orf103
 	C8orf13
 	KIAA1429
 	ARS2
 	HDHD1A
 	RNF12
 	ASAM
 	MGEA5
 	C13orf26
 	OAS1
 	KIAA0574
 	NOPE
 	PTPLAD1
 	KIAA1199
 	ERO1L
 	DLG7
 	KIAA0317
 	METT10D
 	FAM33A
 	C19orf19
 	UQCR
 	KIAA0802
 	C18orf8
 	C18orf34
 	PHLPP
 	PROM1
 	DNAH9
 	SYN1
 	SLC38A5
 	PHF20
 	TLL1
 	TNC
 	CNTLN
 	DTNBP1
 	SNX29
 	MCOLN3
 	RC3H2
 	TARBP1
 	BCAS1
 	ANKS1A
 	UHRF1BP1
 	ANKRD44
 	PPP2R5A
 	PRR11
 	GUCY2C
 	AP3M2
 	NCK2
 	MGAT4A
 	MBD3
 	CYBRD1
 	SLC6A15
 	FERMT2
 	FRY
 	MGLL
 	NTN4
 	SLC24A1
 	RAB7A
 	AMPH
 	MCCC1
 	CBFA2T2
 	TNS1
 	PCNP
 	RBM41
 	RCOR1
 	BLVRB
 	LAMB1
 	DLD
 	CMTM6
 	SRPK1
 	SNRPD3
 	TRIM9
 	CHGA
 	SEC23A
 	GSS
 	SPEF1
 	ANGPT4
 	RSPO4
 	HAO1
 	CHMP4B
 	VAPA
 	POLA1
 	PRPS2
 	BMX
 	ASB9
 	ABCC1
 	ARHGEF18
 	AMH
 	PBX4
 	GRB10
 	RPA3
 	CHCHD3
 	ERLIN1
 	SHOC2
 	GOSR2
 	MED13
 	INPP4B
 	STIM2
 	RNF141
 	SYT10
 	PRR4
 	FBXL4
 	TRIM38
 	QKI
 	NME5
 	BRD8
 	WWC1
 	MRPL3
 	PEX5L
 	OTOF
 	ACADL
 	GGCX
 	BCL9
 	PAPPA2
 	KIAA1324
 	NID1
 	SLAMF1
 	PTCH2
 	ABCG2
 	KLF12
 	HS1BP3
 	OGFRL1
 	SMNDC1
 	INSL6
 	DNAJC15
 	WBP4
 	UTP20
 	ARL1
 	COPS5
 	ECD
 	C4BPB
 	CHPF
 	TMEM189-UBE2V1
 	CXCL6
 	TM9SF2
 	CENPB
 	MMP24
 	FAM83C
 	PTPRB
 	DYRK2
 	HP1BP3
 	AAMP
 	PNKD
 	TTBK2
 	REEP5
 	NDUFA10
 	ACSS2
 	DIAPH1
 	BTBD3
 	RIN2
 	CTNNBL1
 	WDR74
 	TMTC1
 	AMPD3
 	ADAMDEC1
 	CHIA
 	SPIRE1
 	PIWIL4
 	PUM1
 	TIMM10
 	MAP3K7
 	REPS1
 	KIAA0513
 	TMBIM1
 	MYCBPAP
 	IL1F10
 	SLC31A2
 	TLR4
 	MAP2K5
 	SLC40A1
 	APH1B
 	BMP2K
 	USO1
 	ANXA3
 	ETNK1
 	LNX2
 	BRCA2
 	WDFY2
 	USP3
 	ITGAX
 	TAF4B
 	NPC1
 	SYT14
 	NXPH2
 	NDUFS6
 	IQGAP2
 	ADAMTS19
 	FARS2
 	HIGD2A
 	SHC3
 	ACTL7B
 	PDSS1
 	RGS10
 	FOXO1
 	ASTN1
 	GEMIN6
 	ATG10
 	TEKT5
 	RASSF3
 	TMPRSS11D
 	ABI3BP
 	ATP6V1C1
 	GNA14
 	SH3RF2
 	ZFAND3
 	ITGAD
 	FCHO2
 	KIT
 	KCNJ15
 	TMEM164
 	NRG2
 	HSF2BP
 	DIP2A
 	STX5
 	SLC1A7
 	MYSM1
 	C1QTNF7
 	DHX57
 	CADPS
 	PTPN13
 	RBM47
 	TGM4
 	NDUFAF2
 	KCNV1
 	TMC1
 	API5
 	TRIM44
 	BLCAP
 	NOD2
 	JSRP1
 	SETD5
 	HIST3H3
 	NPNT
 	ATOH8
 	LMAN2
 	ROBO1
 	STX8
 	DCLK2
 	PKIA
 	MAP6
 	PLRG1
 	MLLT3
 	MAL
 	TP53RK
 	CCDC36
 	WFIKKN2
 	TLR10
 	ZHX3
 	DENND4A
 	CD164L2
 	ATR
 	PACS1
 	MCTP1
 	PRIMA1
 	UFSP1
 	UBE2N
 	SNX18
 	HTR1D
 	GPBAR1
 	GLIPR1L2
 	OFCC1
 	SETD2
 	GAS6
 	CCR4
 	C6orf58
 	PIWIL3
 	SLC24A3
 	GAS2L1
 	ZBTB6
 	POLR1D
 	SLC36A3
 	NHEJ1
 	TMEM198
 	NYX
 	AADACL3
 	LITAF
 	LIN54
 	SH2D5
 	PIK3R4
 	HDAC2
 	ZNF33B
 	GM2A
 	SIPA1L1
 	PARVA
 	NKIRAS1
 	VPS13A
 	RYR3
 	TAS2R50
 	S1PR3
 	FNIP1
 	SLC12A8
 	PRH1
 	TMEFF1
 	EIF6
 	UBE2V1
 	XKR7
 	CCPG1
 	GRIN2B
 	NOL12
 	HIST1H4F
 	TRPM1
 	HIST1H4G
 	HIST1H2BH
 	NCF4
 	SDCCAG8
 	HIST1H3F
 	GGT1


BPE cells (breast epithelium); HeLa (cervix adenocarcinoma)	 
 	FEZ2
 	RAD54B
 	ZFX
 	MEIS2
 	TSSC1
 	JMJD2B
 	TFPI
 	AP3D1
 	CTNNA2
 	GNB1
 	SMOX
 	HCFC2
 	GPD2
 	USP34
 	AHDC1
 	E2F5
 	BRIP1
 	KCTD3
 	RANBP6
 	LGR5
 	NCOA2
 	PELP1
 	WDR26
 	CDC40
 	GAP43
 	MALT1
 	PHF8
 	IPP
 	ATG7
 	MAN1A2
 	WWP2
 	MAP3K3
 	OR2W5
 	RNF103
 	CYR61
 	HSPC111
 	ABHD5
 	CD44
 	PIAS1
 	KITLG
 	NNAT
 	ST3GAL6
 	NDUFB4
 	KLHL20
 	PTPN4
 	SLC25A36
 	SLC25A12
 	RND3
 	CTH
 	EIF2S2
 	MDFIC
 	PRRG4
 	TBC1D4
 	TTLL7
 	PPIG
 	PRCC
 	EDNRA
 	SSBP3
 	ERG
 	XDH
 	RUNX1
 	LMNA
 	ITGA5
 	PDLIM5
 	MSX1
 	DNAJB14
 	GALNT10
 	EFNA1
 	NUDT4
 	CLTB
 	ZNF197
 	ESRRG
 	PIWIL2
 	TOP1
 	TGM2
 	ZNF350


BPE cells (breast epithelium); K562 cells (erythroleukemia cells)	 
 	PTPN2
 	C5orf32
 	C16orf45
 	NADK
 	TSPAN9
 	OFD1
 	HDAC9
 	PDIA5
 	PLCB4
 	EBF3
 	PRDX1
 	ARHGAP17
 	SIRT3
 	GFOD1
 	A2ML1
 	FMR1NB
 	PNPLA1
 	SLC25A42
 	PURA
 	C1orf213
 	PAX7
 	ALX4
 	MRVI1
 	MLH1
 	ACHE
 	PTGS1
 	CNRIP1
 	ZNF436
 	GATA5
 	ATP6V1C2
 	ZAN
 	SLC13A3
 	BRWD3
 	EPM2AIP1
 	TSHZ2
 	DSCR4
 	DCHS2
 	DNAH10
 	MEGF11
 	MAPT


BPE cells (breast epithelium); HME1 cells (breast epithelium); MCF7 cells (breast epithelium)	 
 	C1orf103
 	C9orf96
 	LOC162073
 	LOC126147
 	C6orf48
 	IGF2BP1


HME1 cells (breast epithelium); K562 cells (erythroleukemia cells)	 
 	SCYL3
 	MATR3
 	ME1
 	DNTTIP2
 	DOCK8
 	TMEM97
 	RTN4
 	RAMP1
 	STAT2
 	C21orf33
 	C6orf70
 	C15orf42
 	BID
 	FSTL4
 	EYA2
 	GLI2
 	SSH1
 	ALG9
 	ADAMTS2
 	DOCK9
 	TNPO2
 	BAG2
 	CCDC92
 	STARD13
 	SH3GL3
 	SOD1
 	GRIK4
 	HNRNPU
 	FTCD
 	LSM12
 	CASC4
 	RHOH
 	ZNF747
 	DLGAP1
 	C1QTNF1
 	ZDHHC14
 	C1orf127
 	TCTE3
 	PRMT3
 	ANKRD37
 	TBCD


BPE cells (breast epithelium); HME1 cells (breast epithelium); HeLa (cervix adenocarcinoma); K562 cells (erythroleukemia cells); MCF7 cells (breast epithelium)	 
 	LTBP1
 	DCLRE1B
 	HSPA1B


HME1 cells (breast epithelium); HeLa (cervix adenocarcinoma); K562 cells (erythroleukemia cells)	 
 	TBL1X
 	TMOD3
 	CHRNA5
 	FTL
 	HCN2
 	ITPK1
 	HSD17B7
 	TPP1
 	PRDM10
 	CHST11
 	NKRF


BPE cells (breast epithelium); HME1 cells (breast epithelium); HeLa (cervix adenocarcinoma); MCF7 cells (breast epithelium)	 
 	ABHD11


BPE cells (breast epithelium); HME1 cells (breast epithelium); K562 cells (erythroleukemia cells); MCF7 cells (breast epithelium)	 
 	LIAS
 	AP4B1
 	C20orf197
 	C11orf73
 	ZMYND8


HME1 cells (breast epithelium); MCF7 cells (breast epithelium)	 
 	SLIT3
 	DENND2C
 	PRICKLE2
 	PPM1E
 	INTS2
 	FLJ22222


BPE cells (breast epithelium); HeLa (cervix adenocarcinoma); MCF7 cells (breast epithelium)	 
 	CPS1
 	DSCAM


BPE cells (breast epithelium); MCF7 cells (breast epithelium)	 
 	AUTS2
 	FASN
 	USP32
 	TRIM33
 	PTPRG
 	ATP9A


BPE cells (breast epithelium); HeLa (cervix adenocarcinoma); K562 cells (erythroleukemia cells)	 
 	GNG12
 	SS18L1
 	ANK1
 	SRPK2
 	CACNA1A
 	GREB1


BPE cells (breast epithelium); HeLa (cervix adenocarcinoma); K562 cells (erythroleukemia cells); MCF7 cells (breast epithelium)	 
 	JUN


MCF7 cells (breast epithelium)	 
 	SULF2
 	DOK5
 	PTPN22
 	BCL2L15
 	RPS6KB1
 	CA4
 	BCAS3
 	PREX1
 	NTNG1
 	OLFML3
 	CD160
 	PDZK1
 	LGTN
 	THOC7
 	ADAMTS9
 	AHSA2
 	UBXD8
 	SEMA4D
 	DIP2C
 	NAP1L1
 	C15orf29
 	LOXL1
 	C15orf40
 	BTBD1
 	SLC35B1
 	FAM117A
 	TRIM37
 	MARCHF10
 	PECAM1


HeLa (cervix adenocarcinoma); MCF7 cells (breast epithelium)	 
 	TUBD1
 	APPBP2
 	HIPK1


K562 cells (erythroleukemia cells); MCF7 cells (breast epithelium)	 
 	SLC9A8
 	SHANK2


HME1 cells (breast epithelium); K562 cells (erythroleukemia cells); MCF7 cells (breast epithelium)	 
 	MSI2
 	HEXDC


BPLER cells (breast epithelium); HeLa (cervix adenocarcinoma); K562 cells (erythroleukemia cells); MCF7 cells (breast epithelium)	 
 	CBS


HeLa (cervix adenocarcinoma)	 
 	FLJ20160
 	CELSR2
 	KCTD18
 	BBS5
 	HYPB
 	FNBP1L
 	BAI2
 	LOC63929
 	JARID1A
 	EDARADD
 	ODC1
 	RALB
 	PARK7
 	RAD18
 	TARDBP
 	C1QB
 	DUSP19
 	CD48
 	ALS2CR4
 	TPM3
 	DAB1
 	MICA
 	SCNM1
 	ATP1B1
 	HSPCB
 	BOLA3
 	EGR4
 	FBXO42
 	GBP4
 	TMEM52 
 	C1orf90
 	FBF1
 	C21orf51
 	DEGS1
 	FCRL5
 	LRRN1
 	PCAF
 	CCDC19
 	MLPH
 	ACADM
 	ATP2B3
 	ADRA2B
 	TSPAN2
 	HNRPA2B1
 	MTCBP-1
 	ZNF651
 	TMEM51
 	COL7A1
 	RY1
 	CENTB5
 	TACSTD1
 	RANBP2L1
 	RBP7
 	SCTR
 	SIX2
 	MEF2D
 	GNG4
 	STXBP3
 	SLC16A14
 	PTD004
 	RER1
 	SNFT
 	GGPS1
 	ANKRD9
 	MPN2
 	ZNF533
 	IFNA16
 	MGC50811
 	DOCK7
 	SLAMF7
 	NUP88
 	EPRS
 	SECP43
 	FY
 	DPM3
 	LEFTY2
 	SP5
 	IGFBP5
 	DNMT2
 	ABHD1
 	KIAA1049
 	PTPN18
 	CASP9
 	Cep192
 	PTK9L
 	CPT2
 	ASB17
 	TMEM63A
 	TRIT1
 	LEFTY1
 	NR4A2
 	HSPA9B
 	CIDEC
 	ACO2
 	OAZ3
 	SCCPDH
 	EEF1B2
 	C4orf6
 	RORC
 	MGST1
 	OTOS
 	KIAA1383
 	MAP2
 	BRD9
 	MGC4308
 	MGC2474
 	ALDH9A1
 	PSMB2
 	ABCB10
 	ITGAM
 	VHLL
 	C1orf89
 	RPL34
 	INPP5D
 	ALS2CR13
 	ZNF684
 	GPX7
 	ATP2B4
 	GTDC1
 	KCNAB2
 	SNX17
 	ETNK2
 	SELL
 	C2orf17
 	HRNR
 	H19
 	SAP130
 	CLCC1
 	KISS1
 	HIST2H2AA
 	LOC606495
 	FLJ21820
 	LAMB2
 	EN1
 	ITGB6
 	PFKFB4
 	IGSF21
 	FLJ20422
 	PPP3R1
 	CMYA1
 	MYL3
 	UBD
 	IGFBP2
 	AGO61
 	POGK
 	ESPNP
 	ZFAND2B
 	MUC1
 	HFE2
 	CDCA8
 	SLC30A1
 	NAB1
 	SYT6
 	C1orf22
 	CASR
 	KIAA1571
 	GPRC5B
 	TTN
 	KIAA0754
 	SYT8
 	PLA2G2A
 	RGS7
 	LOC130951
 	ALDH4A1
 	NOSTRIN
 	GRIK3
 	FBXW10
 	SSFA2
 	CNOT10
 	PGEA1
 	BMP4
 	TOR1AIP2
 	HYAL3
 	FOXJ1
 	TATDN2
 	IL18BP
 	RPL23AP7
 	REG3A
 	DCST2
 	TXNDC14
 	C1orf64
 	MFSD2
 	UBL4B
 	EXOSC10
 	MOBK1B
 	SUMF1 
 	BCDO2
 	GTF2B
 	KCMF1
 	MAN1C1
 	LIN28
 	YOD1
 	RCSD1
 	CTTNBP2NL
 	HES2
 	SDPR
 	ST3GAL5
 	EIF2B3
 	PTN
 	PRDX3
 	FLJ14981
 	C1orf159
 	RPL10A
 	OXSR1
 	OXCT2
 	ADORA1
 	MRPS21
 	DUSP7
 	WDR12
 	STMN1
 	MAPKAPK3
 	C2orf14
 	C1orf76
 	NEK10
 	LHX8
 	FEV
 	RHOC
 	LRRC7
 	FCGR2B
 	LAX1
 	CRYGD
 	PDE1A
 	ATPAF1
 	TMEM58
 	TSPAN1
 	S100A9
 	FABP3
 	MAEL
 	CRB1
 	FLJ25084
 	EDG7
 	PGBD2
 	C1orf51
 	FNBP3
 	MYCN
 	ANKRD38
 	TRIM26
 	STK25
 	KIAA1641
 	EXOC8
 	KIAA0859
 	GNPAT
 	ARPC2
 	SLC2A5
 	HSD3B1
 	KIAA1639
 	ZNF620
 	EDG1
 	MRPL9
 	TUFT1
 	RHOU
 	LOC55974
 	KCNA10
 	TREX1
 	RGS8
 	ZNF513
 	RPS27A
 	RNU3IP2
 	S100PBPR
 	VprBP
 	C1orf165
 	PSD4
 	PL6
 	LBX2
 	WDR39
 	H2-ALPHA
 	GON4
 	CASQ2
 	GPR89
 	SPHAR
 	KIAA1804
 	FCRLM2
 	PRPF38B
 	NRD1
 	TOR3A
 	EAF1
 	ISG20L2
 	BAP1
 	FAHD2A
 	DIO2
 	ATG4B
 	DKFZp547E052
 	SCN5A
 	C1orf123
 	OCIAD1
 	TMEM59
 	TMEM17
 	C21orf62
 	RNF123
 	KCNF1
 	MMP23A
 	UCHL1
 	WDR6
 	C1orf114
 	CYB561D2
 	CCDC12
 	PTHLH
 	PDZK3
 	KIAA1414
 	TMOD4
 	ANKRD45
 	OR2M3
 	HNRPR
 	GYPC
 	THAP2
 	MTF2
 	EDN1
 	OR2T33
 	PSMD4
 	LYPLA2
 	PTDSR
 	LCE3B
 	NUP133
 	EDN2
 	ADAM15
 	MGC52498
 	FLJ14681
 	KLF2
 	S100A5
 	VPS54
 	ANKRD23
 	USP48
 	GLT25D2
 	CD28
 	REG1A
 	IL8RB
 	ATF5
 	CAPZB
 	ADORA3
 	POLR3C
 	CR2
 	SPRR3
 	HIST2H2BE
 	KLF6
 	FOXE3
 	UNQ6975
 	SF3B4
 	ZNF142
 	TRIM43
 	CSMD2
 	DKFZp434O0527
 	FLJ10081
 	FLJ21945
 	SLC26A9
 	HS6ST1
 	GPATC3
 	SRRM1
 	GJB5
 	PLCD4
 	KIAA0460
 	ZNF589
 	CD84
 	MGC10334
 	AGRN
 	C1orf121
 	OR10J3
 	KIAA0133
 	RBMXL1
 	PQLC2
 	GSTM4
 	PANK4
 	DISP1
 	OR2G3
 	GSTM5
 	SYT2
 	SLC45A3
 	DIO1
 	PPT1
 	PPIAL4
 	OR6N2
 	OR10Z1
 	SYTL1
 	OR10J5
 	ZNF265
 	XCL2
 	AHCYL1
 	STX12
 	PIGC
 	NRAS
 	ERO1LB
 	ARPM2
 	F5
 	C1orf158
 	MARCH4 
 	OR2L3
 	FAM49A
 	SLC22A13
 	HOXD1
 	ZNF383
 	OR4F5
 	OR2T11
 	RAP140
 	OR4F17
 	DSCR8
 	OR2M4
 	CRYGA
 	OR2T29
 	DYSF
 	OR2M1P
 	CNTNAP5
 	GUCY1A3
 	OR1D4
 	SNTG2
 	MGC15429
 	CKLFSF7
 	LOC129285
 	OR2AK2
 	DLX1
 	GDF8
 	ZNF502
 	UGT3A1
 	DKFZp434N062
 	CNTN4
 	C9orf27
 	LEREPO4
 	SPATA3
 	CXCL9
 	ZAP70
 	OR1D2
 	OR11H1
 	VAX2
 	SLB
 	FLJ32810
 	KRT25D
 	TMEM76
 	OR10X1
 	GPR65
 	OR5AK2
 	ZNF226
 	C1orf110
 	DEFB28
 	NALP14
 	OR10V1
 	FLJ11088
 	IL2
 	SLC44A5
 	SUCNR1
 	OR5AS1
 	C11orf54 
 	OR4Q3
 	C10orf74
 	CLEC1B
 	MGC35212
 	OR5R1
 	TAS2R10
 	UNQ6411
 	MS4A2
 	LOC440345
 	KIAA1524
 	UNQ9356
 	CSAG2
 	CD69
 	DKFZp761D112
 	YIPF5
 	OR4A16
 	PPP4R2
 	UPF2
 	TRDN
 	OR4C13
 	DKFZP586P0123
 	LSMEM1 
 	VHLL 
 	OR2B6 
 	DEDD2 
 	ARL14EPL 
 	ATF7IP2 
 	BAG3 
 	LRRC59 
 	HES1 
 	ZNF10 
 	ARL4D 
 	CD14 
 	NABP1 
 	EGR3 
 	LEAP2 
 	KRBA2 
 	ERO1LB 
 	FCGR1B 
 	DCAF4L1 
 	PLAC8L1 
 	EFCAB12 
 	PCBD2 
 	ACRC 
 	SPDYA 
 	ATP1B2 
 	JUND 
 	TRIML2 
 	PFKFB4 
 	LRRC70 
 	ITFG2
 	B3GALT4 
 	GLB1L 
 	BCL6 
 	TPT1 
 	FOXD4L6 
 	BCL2L11 
 	IER2 
 	TMC4 
 	OTUD1 
 	ACTBL2 
 	FOS 
 	HYAL1 
 	GSTM2 
 	JMJD6 
 	CXCL11 
 	SSX4B 
 	MUM1 
 	SLC45A2 
 	SUMO4 
 	NPIPB8
 	NPIPB9 
 	OVGP1 
 	HIBCH 
 	FBXO48 
 	NPPC 
 	AKAP5 
 	SNIP1 
 	FAM227A 
 	LENG1 
 	THOC6 
 	ANKRD36B 
 	C5AR1 
 	AOC3 
 	BDKRB1 
 	CCDC144A 
 	NMB 
 	DNAJC4 
 	AHSA1 
 	EPPK1 
 	PLA2G10 
 	CFP 
 	CDKL2 
 	TRPV1 
 	COL7A1 
 	ZNF596 
 	HIPK4 
 	UCN2 
 	TARM1 
 	ANKAR 
 	CBY1 
 	NHLH1 
 	ULBP1 
 	NUTM2D 
 	DLX3 
 	CHADL 
 	FKBP4 
 	VWA7 
 	MYL12B 
 	ARL9 
 	ADSSL1 
 	GDF15 
 	SMAD7 
 	OSER1 
 	HIST2H2BF 
 	MB21D1 
 	SLC9A3 
 	POTEJ 
 	CRYGS 
 	KLC1 
 	ZNF251 
 	TEX43 
 	HCP5 
 	DTX2 
 	KRTAP5-2 
 	INTS6 
 	LRP2BP 
 	JUNB 
 	TRIM69 
 	TEX14 
 	NBPF14 
 	TRIM15 
 	CATSPER3 
 	FABP3 
 	ZNF394 
 	ZNF610 
 	VCX3B 
 	TMEM204 
 	MRC1 
 	FRZB 
 	FBLL1 
 	HPX 
 	MSH4 
 	HERPUD1 
 	SLC35A2 
 	TRMT112 
 	CHRNB1 
 	ZNF519 
 	OR1B1 
 	BAAT 
 	NUDT22 
 	LRIF1 
 	TMEM31 
 	USP18 
 	NPIPB3 
 	RRAD 
 	ARID3A 
 	KDM2A 
 	PDE4DIP 
 	MOBP 
 	APTX 
 	METTL16
 	PCID2 
 	SMG1 
 	GCNT4 
 	CYP2C18 
 	FAM209A
 	FAM209B 
 	TRAJ39 
 	ZNF473 
 	PROCA1 
 	FAM222A 
 	THSD1 
 	ANKRD10 
 	DCAF8 
 	SLC26A4 
 	LETM2 
 	MMRN2 
 	TLR7 
 	GPR115 
 	CDKN2B 
 	UBA7 
 	PHEX 
 	NUCB1 
 	CNTD1 
 	NPIPB15 
 	LPAR5 
 	TNFSF14 
 	ABHD16B 
 	RXRA 
 	ENO2 
 	DGKE 
 	EMP1 
 	CCDC30 
 	TAS2R20 
 	SELK 
 	SRD5A1 
 	BHLHE41 
 	CD44 
 	PLXDC2 
 	TGFB2 
 	TDG 
 	C3orf52 
 	ITGA4 
 	GCLM 
 	FUT4 
 	AMIGO2 
 	ZNF639 
 	MTAP 
 	MTMR11 
 	GBP1 
 	UQCRFS1 
 	SRI 
 	ATF5 
 	RCBTB1 
 	CXorf38 
 	SETD6 
 	NEU3 
 	PRKX 
 	SLC5A6 
 	OR2G6 
 	MAPK8 
 	ZSCAN32 
 	ZNF550 
 	NUDT12 
 	MIER2 
 	FADD 
 	RAB3B 
 	ACTR5 
 	CPPED1 
 	ELOVL2 
 	TAF5 
 	ZNF786 
 	POLE2 
 	MAPK7 
 	FBXO5 
 	PWP2 
 	GEMIN6 
 	RPS18 
 	FBXO22 
 	LRRCC1 
 	SLC1A6 
 	OXSM 
 	ARMC10 
 	VPS18 
 	RPUSD2 
 	HIST1H2BM 
 	INTS5 
 	KIAA1586 
 	ZNF587B 
 	POLR1B 
 	ZNF691 
 	TGDS 
 	LYSMD2 
 	HOXA11 
 	NBPF20 
 	FASTKD3 
 	GEMIN2 
 	GTPBP8 
 	OR1M1 
 	TRIM27 
 	ZNF284 
 	COA5 
 	FBXO9 
 	ABCA1
 	ABCC8
 	ADRB1
 	ALOX12P2
 	AMACR
 	APOC3
 	AQP1
 	ARG2
 	ARHGAP15
 	B3GNT4
 	BCOR
 	C10orf10
 	C11orf9
 	C13orf22
 	CALML3
 	CAMK2B
 	CCIN
 	CDKN1A
 	CEBPA
 	CEBPD
 	CLEC10A
 	CROCC
 	CXYorf2
 	CYorf14
 	DATF1
 	DDIT3
 	EGR1
 	EGR2
 	ENC2
 	EPX
 	FAIM3
 	FBXO4
 	FGFR1
 	FLJ13646
 	FLJ20315
 	FLJ40083
 	FRK
 	FUT1
 	FUT6
 	GADD45A
 	GADD45B
 	GDF15
 	H1F0
 	HBA1
 	HBA2
 	HBZ
 	HERPUD1
 	HIST1H2AC
 	HIST1H3D
 	HS747E2A
 	ICOSLG
 	ID3
 	IGF2AS
 	IL16
 	IL6
 	KIAA0953
 	KIAA1387
 	KLK7
 	LAIR2
 	LENG4
 	LHX3
 	LTF
 	MAC30
 	MAFB
 	MAPK8IP2
 	MBD5
 	MLL4
 	MTHFR
 	MYO7B
 	NFKBIE
 	NPPB
 	OASL
 	OR2H2
 	PAMCI
 	PCDH21
 	PCDHA2
 	PHKG1
 	PKNOX1
 	PLA2G10
 	PLEKHF2
 	PPY
 	PRB1
 	PRB2
 	PRDM4
 	PRLH
 	PSPN
 	PTP4A3
 	PYY2
 	RECQL5
 	RGS16
 	RPL3L
 	RRP22
 	SDS
 	SEMA4G
 	SH2D1A
 	SH3TC1
 	SIAH2
 	SMAD1
 	SOCS1
 	SQRDL
 	TFF2
 	TGDS
 	TOB2
 	TPO
 	TRIM15
 	TSC22D3
 	TXNIP
 	UNG2
 	WIT-1
 	WNT11
 	XK
 	ZFP36
 	ZNF187
 	ZNF307
 	ZNF394
 	ABCB1
 	ABCB4
 	ABCC6
 	ABO
 	ADRA1D
 	AEBP1
 	ALOX5
 	ALPP
 	ALPPL2
 	AMIGO2
 	AMOTL2
 	APBB3
 	APOBEC3B
 	APOL6
 	AREG
 	ARF4L
 	ARHGDIA
 	ARHGDIB
 	ARL7
 	ARMCX5
 	ARPC4
 	ATP5D
 	ATXN7L1
 	B3GAT3
 	B4GALT1
 	BACH1
 	BAMBI
 	BCL3
 	BENE
 	BIK
 	Bles03
 	BPY2IP1
 	C11orf17
 	NUAK2
 	C14orf32
 	C14orf79
 	C16orf44
 	C19orf21
 	C1QDC1
 	C20orf149
 	C20orf18
 	C2orf26
 	C6orf120
 	C6orf145
 	C6orf155
 	C9orf114
 	C9orf16
 	C9orf7
 	C9orf9
 	CACNB1
 	CALM3
 	CALR
 	CAMTA2
 	CBX4
 	CCND1
 	CCR10
 	CDC42BPB
 	CDC42EP1
 	CDCP1
 	CDK2AP2
 	CDT1
 	CEACAM1
 	CELP
 	CEP2
 	CHMP6
 	CHST2
 	CIR
 	CIRBP
 	CITED2
 	CLDN3
 	CLEC2B
 	CLEC3B
 	COL16A1
 	COL9A1
 	CORO1A
 	CORO1B
 	COTL1
 	CRYGC
 	CTGF
 	CTSD
 	CXCL1
 	CXCL2
 	CXCL3
 	CSPG2
 	CSTF2T
 	DAAM1
 	DAPK3
 	DHRS2
 	DIPA
 	DKFZP434H132
 	DKFZP586J0619
 	DLEU2
 	BCMSUNL
 	DMBT1
 	DMRT1
 	DOCK6
 	DOK1
 	DULLARD
 	DUS1L
 	DUS4L
 	DUSP4
 	DUSP6
 	DXS9879E
 	DYRK4
 	EBI3
 	ECHDC3
 	ECM1
 	ECM2
 	EEF1A2
 	EFNB1
 	EML2
 	EMP1
 	ENC1
 	ENG
 	EPPK1
 	ERCC1
 	EREG
 	ETV4
 	ETV5
 	F2RL1
 	FAM11B
 	FAM50B
 	FBXL15
 	FCHO1
 	FGFR2
 	FLJ10490
 	FLJ10781
 	FLJ13868
 	FLJ13946
 	FLJ20130
 	FLJ20152
 	FLJ20273
 	FLJ20489
 	FLJ22028
 	FLJ23560
 	FLJ41131
 	FOSB
 	FOSL1
 	FOXD1
 	FOXO1A
 	FXYD5
 	FZD8
 	G0S2
 	G1P2
 	GABARAPL1
 	GABARAPL3
 	GAL
 	GATA6
 	GDPD3
 	GIT2
 	GJB3
 	GNAI2
 	GNAS
 	SEPT5-GP1BB
 	GPNMB
 	GPR175
 	GRINA
 	H1FX
 	hCAP-H2
 	HEMK1
 	HERC5
 	HGS
 	HIST1H1C
 	HIST1H2BG
 	HIST2H4
 	HIVEP1
 	HLA-E
 	HMGA1
 	HNRPA1
 	HNRPUL1
 	HOXB7
 	HOXC10
 	HOXD9
 	HPD
 	HSPA5BP1
 	HYI
 	IBRDC3
 	ICAM1
 	IFI44
 	IFIT1
 	IFIT2
 	IFIT3
 	IGKC
 	IGKV1-5
 	IGLC2
 	IL17B
 	IL1A
 	IL32
 	INSL3
 	IRF1
 	IRF7
 	IRS2
 	ISG20
 	ITGA3
 	ITGB1BP3
 	ITGB4
 	JUNB
 	JUND
 	KCNH6
 	KCNJ12
 	KIAA0195
 	KIAA0657
 	KLF4
 	KLHL7
 	KRT17
 	KRT7
 	KRT8L2
 	KYNU
 	LCAT
 	LHX6
 	LILRB1
 	LIN7B
 	LISCH7
 	LOC57149
 	LOC81691
 	LY6D
 	LY6G5C
 	LYL1
 	MAFF
 	Magmas
 	MAOB
 	MAP1A
 	MAP2K3
 	MAZ
 	MCL1
 	MFAP3L
 	MGC10433
 	MGC13024
 	MGC16279
 	MGC16943
 	MGC24381
 	MLF1
 	MOAP1
 	MRPL2
 	MSL3L1
 	MT1F
 	MT1G
 	MT1H
 	MT1K
 	MT1X
 	MT2A
 	MUC4
 	NAT6
 	NEDD9
 	NFYB
 	NGFB
 	NKX3-1
 	NOD9
 	NPDC1
 	NUCB2
 	NUDT18
 	NUP160
 	OPRD1
 	OSBPL7
 	PCK2
 	PDE4C
 	PDGFB
 	PDIA3
 	PDLIM7
 	PEX10
 	PEX16
 	PFAAP5
 	PFDN4
 	PHC2
 	PHLDA1
 	PHLDA3
 	PITX1
 	PKIG
 	PKM2
 	PLAUR
 	PLK3
 	PLLP
 	POU3F1
 	PPFIA3
 	PPP1R13L
 	PPP3CC
 	PSCA
 	PSCD1
 	PTGER4
 	PTK6
 	PTPNS1
 	PTPRR
 	PTX3
 	PVR
 	PXN
 	PYCRL
 	RAGE
 	RARA
 	RASA4
 	RBM12
 	RECQL
 	RELB
 	RFPL2
 	RFPL3
 	RFWD3
 	RHBDF1
 	RIBC2
 	RIOK3
 	RIS1
 	RNF139
 	RNMT
 	RPS11
 	RPS20
 	RUNX1T1
 	S100P
 	SAMD4
 	SART1
 	SAV1
 	SCAM-1
 	SCAMP4
 	SCC-112
 	SDAD1
 	SDC4
 	SDF2L1
 	SEC31L1
 	SENP6
 	SERP1
 	SET
 	SF3A2
 	SFRS16
 	SFRS5
 	SFXN3
 	SGNE1
 	SH2D2A
 	SHB
 	SLC12A7
 	SLC16A5
 	SLC16A6
 	SLC22A1LS
 	SLC2A4RG
 	SLC35F5
 	SLC6A8
 	SMARCB1
 	SMARCE1
 	SMTN
 	SNCG
 	SOCS2
 	SOD2
 	SPANXA1
 	SPANXB1
 	SPANXA2
 	SPANXC
 	SPATA20
 	SPFH2
 	SPHK1
 	SPINK4
 	SPRY2
 	SPRY4
 	SPTBN2
 	SSSCA1
 	SSX5
 	STC2
 	STEAP1
 	STMN4
 	STOML1
 	STX11
 	STXBP2
 	SUI1
 	SUPT5H
 	SYDE1
 	SYNGR3
 	TADA3L
 	TCTA
 	TFEB
 	TGFB1
 	THRA
 	NR1D1
 	TLE3
 	TNNC1
 	TNNI1
 	TNNI2
 	TPBG
 	TPM2
 	TPM4
 	TPSAB1
 	TRIAD3
 	TRIM10
 	TRIM2
 	TRPM4
 	TTF1
 	TULP1
 	TXNRD2
 	U2AF1L1
 	VAMP1
 	VAMP2
 	VPS37C
 	XAB1
 	XAB2
 	XBP1
 	XRCC4
 	YRDC
 	YWHAE
 	ZDHHC24
 	ZFP106
 	ZFP36L1
 	ZFP36L2
 	ZNF140
 	ZNF185
 	ZNF274
 	ZNF289
 	ZNF580
 	ZNF688
 	ZYX
 	AKAP8
 	AKR1C1
 	AKR1C2
 	CENPC1
 	CRSP6
 	CSTF3
 	FLJ10260
 	HDAC4
 	HEAB
 	HIC2
 	HSF2
 	IMP3
 	KLF9
 	MAP4K3
 	N-PAC
 	NRBF2
 	PAPOLG
 	PCF11
 	PIAS2
 	PPP1R10
 	RBBP6
 	RCOR3
 	RNU17D
 	RPL37A
 	SLC4A7
 	SLC6A6
 	SOX17
 	SUHW4
 	TAF5
 	TAF6L
 	TDG
 	TNFAIP6
 	TNRC15
 	WDR37
 	ZBED4
 	ZNF652
 	ABHD2
 	ABHD6
 	ADAM10
 	ADRA2A
 	AKAP1
 	ALDH3A2
 	ALS2CR3
 	ALS4
 	AMD1
 	ANGPT1
 	ANKHD1-EIF4EBP3
 	ANKRD10
 	ANKRD26
 	ANKS1
 	APC
 	APRIN
 	ARFGEF1
 	ARFGEF2
 	ARFIP1
 	ARID4B
 	ARMC8
 	ASPM
 	ASXL1
 	ATAD2
 	ATF7IP
 	ATP13A3
 	ATRX
 	BAG4
 	BAZ1A
 	BBX
 	BCL2
 	BCLAF1
 	BICD2
 	BIRC1
 	BOMB
 	BRD2
 	BRRN1
 	BRWD1
 	BUB1
 	C10orf6
 	C11orf30
 	C14orf101
 	C14orf103
 	C14orf104
 	C14orf106
 	C16orf28
 	C18orf1
 	C18orf9
 	C1orf109
 	C1orf63
 	C1orf73
 	C20orf13
 	C20orf6
 	C21orf66
 	C21orf91
 	C2orf23
 	C4orf16
 	C4orf8
 	C6orf111
 	C6orf69
 	C9orf39
 	C9orf77
 	CAP350
 	CBLB
 	CCNE2
 	CCNF
 	CCNJ
 	CD302
 	CDC2L5
 	CDC2L6
 	CDH11
 	CENPE
 	CENTD1
 	CHD1
 	CHD7
 	CHD9
 	CHES1
 	CKAP2
 	CLASP2
 	CLPX
 	COIL
 	COL15A1
 	COL4A3
 	COL4A4
 	CPD
 	CRKL
 	CROP
 	CRSP3
 	CXorf53
 	CYP1B1
 	CSPG6
 	CSPP
 	D15F37/LOC440248
 	DDIT4
 	DDX17
 	DDX26
 	DDX3X
 	DEPDC1
 	DFFB
 	DHX9
 	DICER1
 	DJ328E19.C1.1
 	FLJ20719
 	MGC8902
 	AE01
 	AG1
 	DKFZP564D166
 	DKFZP564D172
 	DLG1
 	DLX2
 	DNA2L
 	DNAJC16
 	DRIM
 	DSC2
 	EDD1
 	EDIL3
 	EEA1
 	EFNA4
 	EGFL5
 	EIF3S10
 	EIF4G1
 	EIF5B
 	ELF3
 	EPHA5
 	EPHA7
 	EPIM
 	ERCC6
 	FALZ
 	FAT4
 	FBXL11
 	FBXO21
 	FBXO3
 	FBXO34
 	FBXO38
 	FCHSD2
 	FGFR1OP
 	FLJ11016
 	FLJ13213
 	FLJ13848
 	FLJ20054
 	FLJ21148
 	FLJ21168
 	FLJ23342
 	FLJ35348
 	FN1
 	FOXE1
 	FOXJ3
 	FSHPRH1
 	G3BP2
 	GART
 	GAS1
 	GATAD1
 	GCL
 	GCNT2
 	GLP2R
 	GM632
 	GM88
 	GNA13
 	GNL3L
 	GNS
 	GOLGA2
 	GOLPH4
 	GPC5
 	GPR125
 	GPR161
 	GPSM2
 	GTF2I
 	GTSE1
 	HBXAP
 	hCAP-D3
 	HELLS
 	HEXIM1
 	HEY1
 	HHEX
 	HIPK3
 	HMGCR
 	HNRPD
 	HNRPDL
 	hSyn
 	ID2
 	IL15
 	INPP4A
 	IQGAP1
 	IVD
 	JARID1B
 	JMJD2A
 	KIAA0265
 	KIAA0276
 	KIAA0286
 	KIAA0470
 	KIAA0553
 	KIAA0674
 	KIAA0738
 	KIAA0999
 	KIAA1005
 	KIAA1033
 	KIAA1109
 	KIAA1128
 	KIAA2010
 	KIF15
 	KIF18A
 	KIF2
 	KIF5B
 	KLF13
 	KLHL4
 	KRAS
 	KRIT1
 	LANCL1
 	LBR
 	LIMS1
 	LMAN1
 	LMO4
 	LOC163131
 	LPIN1
 	LRCH3
 	LSS
 	MAK10
 	MAML1
 	MAP3K5
 	MAP4K5
 	MCM3AP
 	MCM3APAS
 	MCM4
 	MCPH1
 	MCTP2
 	MDM1
 	MECP2
 	MEF2C
 	METTL4
 	MFN1
 	MGC11332
 	MGC24039
 	MGC3032
 	MGC3329
 	MLLT10
 	MPHOSPH1
 	MPPE1
 	MTERFD1
 	MTMR1
 	MTRF1
 	MYCPBP
 	MYH10
 	NARG1
 	NBEA
 	NCK1
 	NCOA3
 	NCOA6
 	NEIL3
 	NEK1
 	NF1
 	NFATC2IP
 	NKTR
 	NLK
 	NPEPPS
 	NR2C1
 	NR2F1
 	NR4A3
 	NRF1
 	NRIP1
 	NUP50
 	NUPL2
 	NUSAP1
 	OSMR
 	PAK3
 	PAPD1
 	PAXIP1
 	PCYOX1
 	PDE3A
 	PDPK1
 	PEG10
 	PHTF2
 	PIK3CB
 	PIK3R3
 	PIP5K2B
 	PIP5K3
 	PKN2
 	PLEKHA2
 	PLEKHC1
 	PMS1
 	PNRC1
 	POLG2
 	POLR3G
 	POLS
 	PPAP2B
 	PPM1B
 	PPP1R12A
 	PRKACB
 	PRKCI
 	PRKD3
 	PRKX
 	PRKY
 	PRPF4B
 	PSME4
 	PSPC1
 	PTPN11
 	PTPN12
 	RAB3GAP
 	RAB6A
 	RABEP1
 	RABGAP1
 	RAD21
 	RAD52
 	RAP2A
 	RAP2B
 	RB1
 	RDX
 	RECK
 	REV1L
 	RFXDC2
 	RICS
 	RIPX
 	RKHD1
 	RNF111
 	RNF146
 	RNF24
 	RNGTT
 	RPS6KA5
 	RSBN1
 	RSL1D1
 	SART3
 	SCD
 	SCYL2
 	SEC10L1
 	SEC24A
 	SEMA3C
 	SF3B1
 	SFRS1
 	SFRS2IP
 	SGCB
 	SIRT1
 	SKP2
 	SLC11A2
 	SLC16A7
 	SLC17A5
 	SLC1A1
 	SLC26A2
 	SLC7A6
 	SMAD3
 	SMC5L1
 	SMG1
 	SNAPC3
 	SNX4
 	SOCS5
 	SON
 	SORT1
 	SOS2
 	SOX4
 	SPAG9
 	SPAST
 	SPEN
 	SPIN
 	SPOP
 	STK6
 	SULT1E1
 	SUV420H1
 	SUZ12
 	SYNJ1
 	SYNJ2
 	TAF1A
 	TAF4
 	TAP2
 	TCF8
 	TENS1
 	TGFBR1
 	THOC2
 	TMPO
 	TOB1
 	TOP2A
 	TOR1AIP1
 	TPR
 	TRIM23
 	TRIP11
 	TROAP
 	TRPS1
 	TSC1
 	TSEN2
 	TTC3
 	TTK
 	TUBGCP3
 	UBN1
 	UBXD2
 	USP1
 	USP10
 	USP24
 	USP46
 	VDP
 	VIL2
 	WASL
 	WDFY3
 	WDR44
 	WDR68
 	WIG1
 	WSB1
 	ZBTB40
 	ZCCHC11
 	ZF
 	ZFY
 	ZMYM1
 	ZMYND11
 	ZNF124
 	ZNF148
 	ZNF198
 	ZNF232
 	ZNF264
 	ZNF291
 	ZNF322B
 	ZNF556
 	ZNF573
 	ZNF654


HeLa (cervix adenocarcinoma); K562 cells (erythroleukemia cells)	 
 	CASP10
 	EIF5
 	HNMT
 	SERHL2
 	MICB
 	TNFRSF8
 	IQSEC1
 	ABCD1
 	CABIN1
 	CFLAR
 	CLIC2
 	EPHX1
 	HBEGF
 	MAP4K1
 	NFATC1
 	NFIC
 	PARVB
 	PCBP2
 	PLD1
 	PLOD3
 	RGS12
 	SERHL
 	TNK2
 	ZCCHC4


K562 cells (erythroleukemia cells)	 
 	CNBP
 	ESCO1
 	HSPE1-MOB4
 	IDO1
 	KIAA1486
 	LARGE
 	LRP2
 	NBPF11
 	RAPH1
 	STX6
 	TINAGL1
 	ABCA3
 	ABCA17P
 	ACAD10
 	ACER2
 	ACTR3C
 	LRRC61
 	ACSM5
 	ADAMTS14
 	ADAR
 	ADCY3
 	AGAP1
 	AHNAK
 	ALDH1A2
 	ALG1L2
 	ALOX12
 	ANO1
 	ANO6
 	ANXA2
 	AP2A1
 	APLP2
 	ARAP3
 	ARCN1
 	ARHGAP39
 	ARHGEF1
 	ARHGEF37
 	ARMCX5-GPRASP2
 	ARRB1
 	ARVCF
 	ANAPC16
 	ASPSCR1
 	ATP11A
 	B3GNT3
 	BAIAP2L2
 	BCAP31
 	BEND7
 	BIN1
 	BOD1
 	BRI3
 	BST2
 	C11orf46
 	C12orf23
 	C14orf80
 	C1QTNF6
 	C20orf166
 	C3orf43
 	C3orf77
 	C5orf28
 	C5orf58
 	C7orf58
 	CABLES2
 	CALM2
 	CARD14
 	CASS4
 	CCDC162P
 	MIR3913-1
 	PRADC1
 	CDC14A
 	TEN1-CDK3
 	TEN1
 	CEP63
 	CFLAR-AS1
 	CHAF1A
 	SH3GL1
 	CHAT
 	CHCHD10
 	CHID1
 	MIR4258
 	MIR3153
 	CLN3
 	CLTC
 	CLVS1
 	COBRA1
 	COL23A1
 	COL6A5
 	COX7A2
 	CR1
 	CRADD
 	CRYM-AS1
 	CTCF
 	CSF1
 	DGKZ
 	DHRS12
 	DKFZp686O1327
 	DNM2
 	DNMT3B
 	DNMT3L
 	DPP6
 	SNORD2
 	ELK3
 	EMID2
 	ENGASE
 	EPB42
 	EPB49
 	EPS15
 	ERN2
 	EXD3
 	FAIM
 	FAM167A
 	FAM173B
 	FAM184A
 	FAM211A
 	FAM86EP
 	TIMM21
 	FBXO27
 	FLJ10661
 	FLNC
 	FRMD1
 	GABBR2
 	GCFC1
 	C21orf49
 	GCGR
 	GMEB1
 	GPR133
 	GPR89A
 	GPR89B
 	GRAMD4
 	GRID1
 	GTF2IRD1
 	HMG20B
 	HOMER2
 	HPCAL1
 	HSD17B7P2
 	HSPA9
 	HSPB2-C11orf52
 	KAT2A
 	IDH2
 	IKZF1
 	ILF3
 	INO80
 	METTL23
 	JPH3
 	KANK3
 	KAZN
 	KCNK12
 	KCNQ1
 	KCP
 	KDM1A
 	KDM4B
 	KDM6A
 	KIAA1257
 	KIAA1683
 	KLK6
 	LETM1
 	LGALS1
 	LINC00152
 	LINC00167
 	LINC00263
 	LINC00304
 	LINC00486
 	LMF1
 	LRIF1
 	LRRC47
 	LRSAM1
 	LYN
 	MALAT1
 	MAP3K11
 	MARCH4
 	SNHG4
 	MCU
 	MDC1
 	MDGA1
 	MGC23284
 	MVD
 	MGRN1
 	MIR3925
 	MIR663A
 	MORC3
 	MRGPRE
 	MRPL12
 	MRPL45P2
 	MTSS1
 	MYLK3
 	MYO1F
 	MYO9B
 	NAA16
 	NBPF15
 	NBPF3
 	NBPF7
 	NBPF9
 	NEAT1
 	NIM1
 	NODAL
 	NOP58
 	NR2F2
 	NR2F6
 	NRCAM
 	NT5DC2
 	OLFM2
 	ORMDL3
 	PDCD1
 	PDE6G
 	PFKL
 	PHF2
 	PHF21B
 	PINX1
 	PKD1P1
 	PLA2G2F
 	PLCB3
 	ZNHIT1
 	POLD1
 	POMT2
 	PPP1R18
 	PPP6R3
 	PRDM16
 	PRKCB
 	PRKCZ
 	PRPSAP1
 	PRSS55
 	PTPRS
 	RAB11FIP3
 	RAB39A
 	RASA3
 	RBFOX3
 	RECQL4
 	RNF149
 	ROCK2
 	RP9P
 	RRP7A
 	RRP7B
 	RUSC1
 	RUSC1-AS1
 	SBNO2
 	SCAND2
 	SCN9A
 	SDK2
 	SEMA6C
 	PFKM
 	SEPT6
 	SEPT9
 	SERAC1
 	C15orf63
 	SETX
 	SFMBT2
 	SFT2D3
 	SH2B1
 	SHC2
 	SIN3B
 	SIRT2
 	SLC26A11
 	SLC38A10
 	SLC43A3
 	SLC6A9
 	SLITRK3
 	SNAP29
 	SNX16
 	SNX8
 	SPATS2L
 	SPN
 	SRCRB4D
 	ZP3
 	ST6GAL1
 	ST8SIA6
 	STAG2
 	STK31
 	SYT7
 	TACC1
 	TAS1R1
 	TBC1D3B
 	TBC1D3C
 	TBC1D3P1-DHX40P1
 	TBC1D3P2
 	TBPL1
 	TCF3
 	TCTEX1D1
 	TDRG1
 	TIGD3
 	TIMP2
 	TJP2
 	TMEM150B
 	TMEM161A
 	TMEM241
 	TMEM72-AS1
 	TMEM72
 	TMTC4
 	TNFRSF4
 	TNNI3
 	C19orf51
 	TP53BP1
 	TRA2B
 	TRAF7
 	TRIM25
 	TRMT112
 	TSEN15
 	TSPAN18
 	TSPAN32
 	TSPEAR
 	TTPAL
 	TUBA8
 	UBE2Z
 	UFL1
 	UNKL
 	UPRT
 	UQCR11
 	USP28
 	VWA5B2
 	WFDC1
 	ZBTB16
 	ZDHHC11
 	MIR3692
 	ZFPM1
 	ZFR2
 	ZNF385C
 	ZNF771
 	ZNF83
 	ZZEF1


HF73 cells (cervix adenocarcinoma); HeLa (cervix adenocarcinoma)	 
 	PNLDC1 
 	HSPA1L 
 	HSPA7 
 	HSPA6 
 	EGR1 
 	CCDC121 
 	DNAJA4 
 	TMEM95 
 	FBXW10 
 	ZFAND2A 
 	ACTRT3 
 	BCL2L15 
 	KCTD11 
 	STARD5 
 	FAM46C 
 	DEFB115 
 	DNAJB1 
 	FOSB 
 	NRARP 
 	DBET 
 	IER5 
 	USPL1 
 	PTPN22 
 	TCEB3C 
 	PPP1R15A 
 	DUX4L1
 	DUX4L8
 	DUX4L7
 	DUX4L6
 	DUX4L5
 	DUX4L3
 	HSPA1A 
 	FERMT3 
 	BTK 
 	HSPA1B 
 	SLCO1C1 
 	JUN 
 	ENGASE 
 	SEMA4A 
 	LY6G6C 
 	CLK1 
 	FGF18 
 	GDF9 
 	GEM 
 	DUSP10 
 	USP17L15 
 	DNAJB6 
 	ATF3 
 	GFPT2 
 	TMEM262 
 	LDHC 
 	PGF 
 	NKRF 
 	TSPYL2 
 	LENEP 
 	NR4A1 
 	CCDC11 
 	ANKRD1 
 	F13B 
 	TRIM74 
 	ANKRD61 
 	SERINC4 
 	NEU1 
 	HSPH1 
 	AMPD1 
 	TCEB3CL2 
 	PLVAP 
 	HBEGF 
 	GPR50 
 	UPK1A 
 	HSPA4L 
 	DUSP1 
 	GRASP 
 	SECISBP2 
 	SLC5A5 
 	DNAJC28 
 	CACYBP 
 	SRRM5 
 	ANKRD37 
 	FBXO47 
 	RASSF9 
 	NXT2 
 	NR4A3 
 	PRX 
 	HSPA2 
 	LRRC23 
 	GNAI3 
 	FCGRT 
 	TMED6 
 	ASTL 
 	SCX 
 	ADAM32 
 	CPEB4 
 	ACSL4 
 	CRYAB 
 	FAM161A 
 	DNAJB4 
 	ACER2 
 	NDRG1 
 	ALOXE3 
 	DAND5 
 	NQO2 
 	KCNJ2 
 	RGAG4 
 	ZNF436 
 	TIGD3 
 	DHDH 
 	TRIB1 
 	GABARAPL1 
 	TULP2 
 	NR4A2 
 	TNF 
 	USP50 
 	CCDC84 
 	GRHL1 
 	PNMAL1 
 	EID3 
 	TRNP1 
 	OR2K2 
 	ADHFE1 
 	EIF1AD 
 	CRIP1 
 	EFNA2 
 	FUT3 
 	TMEM208 
 	KLHL15 
 	DNAJB2 
 	NOXRED1 
 	MRPL18 
 	MCL1 
 	GPR146 
 	SELPLG 
 	FAM46A 
 	S100P 
 	SLC6A13 
 	ZNF597 
 	MEFV 
 	CSPG5 
 	ATMIN 
 	TMEM88 
 	EGR2 
 	PRSS55 
 	CHRNA5 
 	DNAJC24 
 	KLF10 
 	LGALS4 
 	CREB5 
 	KDM5A 
 	GADD45G 
 	APBA3 
 	LRRIQ4 
 	TUBB1 
 	TAS2R10 
 	DLX2 
 	CSRNP1 
 	MMP25 
 	SOX9 
 	STARD9 
 	SSU72 
 	CPT1C 
 	TEX19 
 	PRTN3 
 	PRR20B 
 	TMPRSS9 
 	CRELD1 
 	RND2 
 	LDHAL6A 
 	LMLN 
 	UPP1 
 	NEDD9 
 	HSP90AA1 
 	LCN10 
 	GNA15 
 	KBTBD8 
 	EDN1 
 	PIK3R3 
 	INTS2 
 	NPC1L1 
 	SHISA2 
 	TRIM72 
 	WEE1 
 	RHEBL1 
 	ANKRD36 
 	LCT 
 	CCIN 
 	GPBP1 
 	GPR83 
 	ATP2B3 
 	PTGER4 
 	WDR38 
 	TJP3 
 	TSPYL4 
 	GPR89A 
 	TAS2R30 
 	ADAMTS1 
 	GOLGA6C 
 	CRISPLD2 
 	TAS2R13 
 	AP4B1 
 	ZNF250 
 	DUSP16 
 	PRDM9 
 	ZBTB21 
 	ABTB2 
 	SLC6A3 
 	ACTA1 
 	TCP1 
 	SPRY4 
 	KLLN 
 	CASS4 
 	CRYBA4 
 	FOXL1 
 	PHLDA1 
 	DCUN1D3 
 	AGBL2 
 	MAFF 
 	DUSP8 
 	DCLRE1B 
 	LONRF1 
 	FLVCR1 
 	TOP2B 
 	SLC25A32 
 	ZBTB39 
 	MDM2 
 	ZNF770 
 	MARVELD2 
 	ANKRD50 
 	IL6 
 	URB2 
 	PANX1 
 	BIRC2 
 	ATP8B1 
 	MTX3 
 	ZBTB41 
 	HIST1H3H 
 	NBPF19 
 	ENTPD4 
 	KLF2 
 	NFKBIZ 
 	RSRC2 
 	ELF3 
 	UBALD2 
 	HIST1H2BJ 
 	MCEE 
 	PCGF1 
 	DDX55 
 	NAT9 
 	ZNF574 
 	MRPL39 
 	SSX1 
 	COQ10A 
 	DGCR8 
 	ZNF627 
 	COPS5 
 	HIST1H2AI 
 	HIST1H1A 
 	TUBD1 
 	HNRNPLL 
 	CDCA7 
 	LUC7L 
 	TYW5 
 	HIST1H1E 
 	PRB2 
 	SDR39U1 
 	ALX1 
 	FAM219B 
 	TMEM126B 
 	ZNF689 
 	HMGN1 
 	HMGN2 
 	MRM1 
 	TADA1 
 	CINP 
 	PRPF39 
 	HIST1H1C 
 	HIST1H1B 
 	HIST1H2AG


HF73 cells (cervix adenocarcinoma)	 
 	SNAI1 
 	LAG3 
 	KIAA1683 
 	RGS2 
 	UBC 
 	ID2 
 	ADRB2 
 	RASL11A 
 	IDI2 
 	FAM46B 
 	DIO3 
 	RPL3L 
 	CRY2 
 	CITED2 
 	ATG9A 
 	WBP5 
 	ZC3H12A 
 	GBX2 
 	VGF 
 	DUX4L26 
 	MUC20
 	MZB1 
 	PPM1N 
 	TBR1 
 	TMEM89 
 	FAM25A 
 	TAS2R60 
 	MAP3K8 
 	ZSWIM3 
 	NUBPL 
 	NIPA2 
 	USP28 
 	UBR7 
 	SRXN1 
 	CAND1 
 	PIGN 
 	BLMH 
 	ZBTB24 
 	NEK4 
 	FBXO45 
 	YES1 
 	CDC40 
 	CDCA7L 
 	CMAS 
 	PPAT 
 	MPP7 
 	GFM1 
 	KIF3A 
 	FASTKD2 
 	WDR3 
 	USP46 
 	VPS35 
 	NAPG 
 	SLC35D1 
 	PITPNB 
 	RBL2 
 	CENPBD1 
 	CPSF2 
 	RAB8B 
 	NAA30 
 	CSGALNACT2 
 	S1PR1 
 	FIGNL1 
 	PARP9 
 	ZBTB9 
 	DLAT 
 	ZNF354B 
 	ZBTB14 
 	IPO8 
 	KDM1B 
 	SLC41A2 
 	PDIK1L 
 	ARV1 
 	PDE12 
 	LACC1 
 	EPC1 
 	TPMT 
 	TTPAL 
 	HSDL1 
 	NEXN 
 	LACTB 
 	OSGIN2 
 	RANBP6 
 	DLD 
 	ZNHIT6 
 	DTX3L 
 	TRAPPC8 
 	SLC35A3 
 	GUF1 
 	SNX4 
 	POGK 
 	PRMT9 
 	UTP15 
 	PM20D2 
 	IFIT5 
 	PIGW 
 	DDX20 
 	ALDH1B1 
 	USP12 
 	NUCKS1 
 	GPAM 
 	TIGD2 
 	NUDT19 
 	SOCS1 
 	HIST1H3A 
 	BTG2 
 	ADM 
 	ZFP36 
 	FAU 
 	HIST1H2BD 
 	MYLIP 
 	HIST1H2BN 
 	MXD1 
 	SERTAD1 
 	TPI1 
 	NXF1 
 	RSRP1 
 	HIST1H2AK
 	HIST1H2AL
 	HIST1H2AM
 	HIST1H2AH 
 	HIST2H3D 
 	TPD52L2 
 	SRSF1 
 	VAMP1 
 	IFNE 
 	EGR4 
 	CLDN3 
 	TTC21B
 	NPIPB6 
 	TRIM73 
 	RPL31 
 	GOLGA8A 
 	BTBD19 
 	RASA4 
 	MC1R 
 	CABYR 
 	LNP1 
 	CELSR3 
 	RPS28 
 	NPIPA3 
 	DRD4 
 	AHSA2 
 	GPANK1 
 	GOLGA6L10 
 	PLEKHO2 
 	ZNF546 
 	OVCH1 
 	MFGE8 
 	PPP1R10 
 	LRRC37A3 
 	CYTH2 
 	CSRP2 
 	DLG4 
 	DNAJC19 
 	RPL37 
 	UNC50 
 	POLR1C 
 	RPL7A 
 	CBWD5 
 	ZNF267 
 	PLAGL2 
 	TRAPPC13 
 	ANKRD49 
 	PUS3 
 	METTL17 
 	RPL22L1 
 	TEFM 
 	BCDIN3D 
 	OCLM 
 	COIL 
 	SPATA5L1 
 	ACYP1 
 	RPL12 
 	RPS17 


