Oocyte	 
 	Stag2
 	Stag3
 	Syce1
 	Aurkc
 	Bub1b
 	Mad2l2
 	Ppp3ca
 	Rad51l3
 	Sgol2
 	Tex15
 	Cdc16
 	Hgf
 	Inha
 	Myd116
 	Nfatc1
 	Rassf4
 	Rhob
 	Ccdc16
 	Ccne1
 	Cdkn1b
 	Cdkn1c
 	Dusp1
 	Hspa2
 	Ppm1d
 	Ddit3
 	E2f2
 	E2f4
 	Elk3
 	Fosb
 	Bin3
 	Katnb1
 	Mtap9
 	Nedd9
 	Nf2
 	sept3
 	sept14
 	Appl1
 	H2afx
 	Hdac9
 	Hmg20b
 	Prm2
 	B230120H23Rik
 	Papd5
 	Prmt5
 	Txnl4a
 	Hectd3
 	Lig1
 	Lig4
 	E130016E03Rik
 	Gm8355
 	Ddx11


Hepatocyte; Spermatocyte	 
 	Hsp90aa1
 	Ube2g2
 	Ipo13
 	Cbx5
 	Rbm25
 	Ppp2r3a
 	Rragc
 	Ptprd
 	Crim1
 	Mrps27
 	Arhgap1
 	Atp8b3
 	AY074887
 	St13
 	Uspl1
 	Lifr
 	Slco2a1
 	Rpl7l1
 	Hspe1
 	Atl2
 	Pcdh17
 	Gpr98
 	Slc35e2
 	Nemf
 	Daam2
 	Dhfr
 	Klf4
 	Sulf2
 	Bsx
 	Rexo1
 	Galnt11
 	Smc6
 	Mbnl1
 	Arid4b
 	2610507B11Rik
 	Umps
 	Dhx32
 	Ctsb
 	Fbxo36
 	Clip1
 	Dock9
 	Gypc
 	Rps15a
 	Rps13
 	Lrrc39
 	Pla2g10
 	Nbas
 	Cse1l
 	Postn
 	Vti1a
 	Trim66
 	Gm13154
 	Ddx55
 	Hnrpll
 	Plekha5
 	Ipo9
 	Tmem174
 	Spag17
 	Ankle2
 	Inpp5f
 	Atp5g3
 	BC003331
 	Synj2
 	Foxred1
 	Cntf
 	Gdpd1
 	Inpp5d
 	Dctd
 	Hnrnpab
 	Cacybp
 	Cep192
 	Zfp521
 	Lphn2
 	Rev1
 	Sbno2
 	Col24a1
 	Tlr2
 	Brf1
 	Gal3st1
 	Acap3
 	Fam13b
 	Tmx3
 	Zhx3
 	Sntn
 	Sfxn1
 	Zbtb37
 	Stip1
 	Rwdd4a
 	Mrps35
 	Tbc1d2b
 	Dppa4
 	H2-Q1
 	Scd1
 	Wdfy3
 	Rpl6
 	Atf2
 	Slc30a9
 	Tnfsf4
 	Coq3
 	Dynll1
 	Iqce
 	Tcp1
 	Pbrm1
 	Ccrl1
 	Nisch
 	Dedd2
 	Dnajb12
 	Rabgap1l
 	Shox2
 	4930474N05Rik
 	Efcab6
 	Ctnnd2
 	Mgl2
 	Rex2
 	Gga2
 	Eif1
 	Nsa2
 	Dtnbp1
 	Rpl23a
 	Ank3
 	Ndufb2
 	Ccdc90b
 	Gm3417
 	Trp53bp1
 	Adam9
 	Cnst
 	Chordc1
 	Kank1
 	Gbf1
 	Zfp869
 	Rhou
 	Tomm7
 	Txndc11
 	Wdr34
 	Gm13152
 	Slc9a8
 	Itpr1
 	Sfswap
 	Aptx
 	Nipbl
 	Tctn2
 	Hsp90ab1
 	Cyp7b1
 	Dnaja1
 	Fam105b
 	Fcrl1
 	Snrnp48
 	Usp34
 	Ahi1
 	Cartpt
 	Ndnl2
 	Tanc1
 	Acat2
 	Opa1
 	Dnttip2
 	Ints4
 	Litaf
 	Acat1
 	Zfp142
 	Hsph1
 	Ints2
 	Ercc8
 	Smc5
 	Chd1l
 	Gm5434
 	Prlr
 	Phip
 	Oprd1
 	Ift46
 	Ythdc1
 	Ptov1
 	Sdhaf2
 	Rabif
 	Srrm4
 	Setx
 	Fam193a
 	Foxo1
 	Noc3l
 	Cdc27
 	Atg4c
 	Hspd1
 	Hnrnpa2b1
 	Hspa1a
 	Dnaja4
 	Ubqln1
 	D15Ertd621e
 	Zfand2a
 	Eif2s2
 	Ptges3
 	Tmem80
 	Gpr151
 	Cnot10
 	Ccndbp1
 	Braf
 	Ly86
 	Trerf1
 	Dbpht2
 	Zbtb20
 	Ttc39a
 	Cep250
 	2410131K14Rik
 	Narg2
 	Cdc42se2
 	1700030J22Rik
 	Ahsa1
 	Gigyf2
 	Unc50
 	Chchd2
 	Hmgn1
 	Dera
 	Ppfibp2
 	Helz
 	Rps6ka5
 	Ubr3
 	Zbed3
 	1700109H08Rik
 	Acsl1
 	Srpr
 	Ubr2
 	Dym
 	Jmjd1c
 	Ica1
 	Bach1
 	Rbms3
 	Slc25a13
 	Tjp2
 	Cyp2c44
 	Ermp1
 	Terf2ip
 	Txk
 	Psen1
 	Sertad2
 	Oxr1
 	Mex3c
 	Hyls1
 	Ehbp1
 	Slc20a1
 	Hspa9
 	F5
 	Rbfox2
 	Cnksr3
 	Cct8
 	Vti1b
 	Sema5a
 	Limk2
 	Ppp2r5c
 	Ears2
 	Tshz3
 	Pum1
 	Lrrn2
 	Slc10a2
 	Npm2
 	Nnt
 	Eef1a1
 	Tas2r126
 	Mzt1
 	Pnpla8
 	Agphd1
 	Glmn
 	Ficd
 	Maml1
 	Grip1
 	Fgfr1
 	Trrap
 	Tm9sf3
 	Sgk2
 	Dpys
 	Larp1
 	Cnot1
 	Fech
 	Slc17a8
 	Acsbg2
 	Rprd2
 	Gramd3
 	Nuak2
 	Tmprss2
 	Fgd4
 	Mtf2
 	Ppfia2
 	Fat4
 	Fam173b
 	Nab1
 	Nmnat2
 	D930015E06Rik
 	Nat10
 	Nupl2
 	Dmtf1
 	Wdr92
 	Fstl4
 	Cdadc1
 	Vps8
 	Akr1d1
 	Uhrf1bp1l
 	Smpdl3b
 	Naa16
 	Mapk8ip3
 	Atg7
 	Tmprss9
 	Ddx17
 	Cxxc4
 	Rbm5
 	Pcbd2
 	Gabpa
 	Nfib
 	Trim32
 	Gm15800
 	Chn2
 	Cnr1
 	Mrps31
 	Map3k4
 	Pde7b
 	3110043O21Rik
 	Zfp280d
 	Sept8
 	Lars
 	Tmem135
 	Xirp1
 	Dscam
 	Rbm27
 	Cct6a
 	Ccdc122
 	Ssty2
 	Gimap8
 	Slc30a5
 	Prmt3
 	Cct3
 	Atg16l1
 	Nap1l3
 	Banp
 	Trip12
 	Agrn
 	Baz2b
 	Tmem208
 	Ctsl
 	Tollip
 	Dmxl1
 	Serac1
 	6330578E17Rik
 	2700050L05Rik
 	2610305D13Rik
 	Mosc1
 	Supt16h
 	Gm13051
 	C330005M16Rik
 	AI314180
 	Vipar
 	Gcfc1
 	Zcchc6
 	Ikbkap
 	1810035L17Rik
 	2610524H06Rik
 	BC031353
 	Fam178a
 	Diap1
 	Gm13139
 	E430025E21Rik
 	5830418K08Rik
 	1200016B10Rik
 	C330019G07Rik
 	BC026590
 	Hn1l
 	2510003E04Rik
 	Fam179b
 	Ccdc75
 	Supt5h
 	8430410A17Rik
 	2410091C18Rik
 	Smek1
 	2310021P13Rik
 	D10Wsu52e
 	4921513D23Rik
 	Dopey2
 	Cirh1a
 	Zfml
 	A330049M08Rik
 	Mtmr15
 	1700021C14Rik
 	Erbb2ip
 	A730011L01Rik
 	Ssfa2
 	Usmg5
 	0610037L13Rik
 	0610007P08Rik
 	Zmynd17
 	BC002230
 	2210018M11Rik
 	Fam134a
 	6330503K22Rik
 	2610027L16Rik
 	Sdccag3
 	1110002N22Rik
 	Fbxo18
 	2610024G14Rik
 	1200011I18Rik
 	1700052N19Rik
 	2610039C10Rik
 	D17Wsu104e
 	BC030307
 	Dopey1
 	Prkrir
 	9030624J02Rik
 	BC018507
 	Fam54a
 	D17H6S56E-3
 	Mterfd2
 	Dci
 	1200014J11Rik
 	Agpat6
 	2310037I24Rik
 	Tmem57
 	Eif3j
 	Tenc1
 	Prosc
 	Zfp295
 	2310004I24Rik
 	Mobkl1b
 	5430413K10Rik
 	0610031J06Rik
 	D4Wsu53e
 	Usp17l5
 	1110007L15Rik
 	1110037F02Rik
 	3110052M02Rik
 	0610007P14Rik
 	H47
 	Gnb2l1
 	Dom3z
 	Ccdc11
 	AI462493
 	Mfi2
 	D630042P16Rik
 	Dak
 	Fam175b
 	BC016423
 	1110018G07Rik
 	Wdr85
 	4930528F23Rik
 	Gsg2
 	A130022J15Rik
 	BC067068
 	Fam132a
 	Pih1d2
 	Wdr77
 	Atp5f1
 	Rab5b
 	Dnajc5
 	Heatr6
 	Snapin
 	Zfp276
 	Mfsd10
 	Mcm3ap
 	Mxd1
 	Srr
 	Hars
 	Zmat2
 	Kpnb1
 	Unc119
 	Rab34
 	Sf3a1
 	Dhrs1
 	Ccdc97
 	Atg4d
 	Chaf1a
 	Abcf3
 	Med29
 	Pex19
 	Taf6l
 	Kif20a
 	Stat3
 	Cwc15
 	Emg1
 	Utp20
 	Slbp
 	Dlst
 	Celf1
 	Ctr9
 	Ranbp1
 	Nr2c1
 	Pex1
 	Itgae
 	Tpr
 	Kptn
 	Sra1
 	Med8
 	Cdc42
 	Tph2
 	Ezh1
 	Ctnnb1
 	Hspa1l
 	Pole
 	Mark3
 	0610009B22Rik
 	4930432K21Rik
 	Adam21
 	Pou6f1
 	Rps25
 	Ifi35
 	Nedd8
 	Gosr1
 	Rpl15
 	Ttll5
 	Tmem175
 	Timm23
 	Prdm15
 	Cluap1
 	Zswim7
 	Ndufa2
 	Hps5
 	Mrps25
 	Tbp
 	Gorasp2
 	Ddx19a
 	Casd1
 	Mrpl32
 	Setdb1
 	Ppil4
 	Gnrh1
 	Prpsap1
 	Ppfibp1
 	Mtif3
 	Kctd5
 	Sdc4
 	Nbr1
 	Brca1
 	Exosc10
 	Taok1
 	Cdc6
 	Wsb1
 	Kpna2
 	C1qbp
 	Chd3
 	Ncor1
 	Pip4k2b
 	Pnpo
 	Mpdu1
 	Pank3
 	Pelp1
 	Psmc3ip
 	Ap4m1
 	Rmnd1
 	Hbs1l
 	Med23
 	Ndufa12
 	Sirt1
 	Tysnd1
 	Pcbd1
 	Tbk1
 	Vps54
 	Cabin1
 	Phlda1
 	Llph
 	Ahsa2
 	Xpo1
 	Canx
 	Clk4
 	Ube2b
 	Stxbp4
 	Tlk2
 	Ddx42
 	Ftsj3
 	Psmc5
 	Nt5c
 	Mrpl38
 	Fbf1
 	Srp68
 	Ankfy1
 	Spag9
 	Fbxl20
 	Ptpn21
 	1110008L16Rik
 	Timm9
 	Serpina3n
 	Pcnx
 	Esyt2
 	Pitrm1
 	Tmed10
 	Traf3
 	Ripk1
 	Prpf4b
 	Riok1
 	Prelid1
 	Fam193b
 	Ddx46
 	Ptdss1
 	Fastkd3
 	Pdcd6
 	Arsk
 	Srd5a1
 	Nsun2
 	Rad17
 	Ptcd2
 	Ankra2
 	Gfm2
 	Polk
 	Aggf1
 	Map3k1
 	Nr1d2
 	Ecd
 	Slmap
 	Eaf1
 	Bap1
 	Phf7
 	Parg
 	Ints9
 	Cab39l
 	Nufip1
 	Rcbtb2
 	Itm2b
 	Uchl3
 	Rbm26
 	Fbxo4
 	Acin1
 	Drosha
 	6030458C11Rik
 	Zfr
 	Rad1
 	Atad2
 	Aco2
 	Hira
 	Trmt2a
 	Nit2
 	Serpind1
 	Top3b
 	Tfrc
 	Snx4
 	Rabl3
 	Gtf2e1
 	Ap2m1
 	Eif4a2
 	Psmg1
 	Map3k12
 	Ube2j2
 	Sfi1
 	Pigx
 	Chd1
 	Polh
 	Mrps18a
 	Guca1a
 	Bysl
 	Slc30a6
 	Ttc27
 	Cebpz
 	Lrpprc
 	Ift140
 	Bnip1
 	Plin3
 	1700061G19Rik
 	Polr2d
 	Sap130
 	Esco1
 	Mib1
 	Wdr33
 	Rpp21
 	Hmgxb3
 	Tmem138
 	Zfp91
 	Mrpl21
 	Pacs1
 	Cpt1a
 	Smc3
 	Pdcd11
 	Nhlrc2
 	Zdhhc16
 	Cutc
 	Erlin1
 	Chuk
 	Parp6
 	Rnf41
 	Cnpy2
 	R3hdm2
 	Pias2
 	Zfp511
 	Sirt3
 	Psmd13
 	Cox8b
 	Tnrc6c
 	Clec3b
 	Nudt5
 	Iscu
 	Higd2a
 	Creb1
 	Eef1b2
 	Ppil3
 	Nif3l1
 	Eif5b
 	Stat1
 	Mff
 	Fam135a
 	Bcs1l
 	Ankzf1
 	Htr2b
 	Mcm6
 	Rbbp5
 	Ahctf1
 	Parp1
 	Dcaf8
 	Vamp4
 	Golga1
 	Usp20
 	Hspa5
 	Gapvd1
 	Mrrf
 	Rbm18
 	Strbp
 	Sec16a
 	Inpp5e
 	Ssna1
 	Zc3h15
 	Mapk8ip1
 	Wdr76
 	Atg13
 	Tubgcp4
 	Snap23
 	Vps39
 	Ubox5
 	Ndufaf1
 	Usp8
 	Zc3h8
 	Xrn2
 	Kif3b
 	Cdk5rap1
 	Srms
 	Zgpat
 	Nfs1
 	Rbm39
 	Rpn2
 	Gnb4
 	Ndufb5
 	Dcun1d1
 	Exosc8
 	Ppid
 	Nras
 	Gdap2
 	Notch2
 	Ints3
 	Hax1
 	Sass6
 	Rnpc3
 	Scamp3
 	Rit1
 	Nudt17
 	Pex11b
 	Ecm1
 	Ctsk
 	Gclm
 	Bag1
 	Chmp5
 	Nfx1
 	Ubap2
 	Rgp1
 	Usp24
 	Dock7
 	Orc1
 	Cap1
 	Lypla2
 	Mutyh
 	Ccdc163
 	Fabp3
 	Eif3i
 	Cdca8
 	Mtf1
 	Psmc2
 	Tas1r1
 	Vamp3
 	Per3
 	Angptl7
 	Dnajc2
 	Pmpcb
 	Miip
 	Cdk11b
 	Gnb1
 	Ccnl2
 	Add1
 	Zbtb49
 	Eif2b4
 	Snx17
 	Krtcap3
 	Lias
 	Pds5a
 	Ppat
 	Polr2b
 	Gtf2h3
 	Eif2b1
 	Zcchc8
 	Psph
 	Tmem116
 	Gpn3
 	Dhx37
 	Golga3
 	Ep400
 	Pus1
 	Sppl3
 	Ankrd61
 	Cpsf4
 	Cdk8
 	Pan3
 	Asb15
 	Rbm28
 	Cbx3
 	Clcn1
 	Dusp11
 	Isy1
 	Foxp1
 	Tmem43
 	Clec4e
 	Ddx47
 	Ogg1
 	Ccdc91
 	Mrpl51
 	Fkbp4
 	Asb7
 	Mtmr10
 	Plin1
 	Zfp626
 	Mrps11
 	Ndufc2
 	Ino80e
 	Ppme1
 	Eif3c
 	Lcmt1
 	Rbbp6
 	Nomo1
 	Ubfd1
 	Arhgef7
 	Tnks
 	Gins4
 	Star
 	Vps37a
 	Cnot7
 	Heatr3
 	Smarca5
 	Txnl4b
 	Il34
 	Cog4
 	Fam192a
 	Ciapin1
 	Polr2c
 	Zdhhc7
 	Mbtps1
 	Tsnaxip1
 	Nip7
 	Tmed6
 	Ankrd49
 	Med17
 	4931406C07Rik
 	Taf1d
 	Kars
 	Aars
 	Acad8
 	Acta1
 	Arv1
 	Vps26b
 	Abhd12
 	Bud13
 	Tagln
 	Trappc4
 	Chek1
 	Hyou1
 	Sltm
 	Ccnb2
 	Man2c1
 	Psma4
 	Ooep
 	Rpl4
 	Zwilch
 	Rwdd2a
 	Snx14
 	Stt3b
 	Prss44
 	Cep63
 	Topbp1
 	Nicn1
 	Srek1
 	Malt1
 	Gtf3c1
 	Pwp2
 	Nfyc
 	Slc7a6os
 	Atg9a
 	Ybey
 	Dis3
 	Arid2
 	Szt2
 	Slc35a4
 	Wdr3
 	Noc4l
 	Dnm2
 	Clasp2
 	Spg11
 	Mcee
 	Specc1l
 	Zbtb1
 	Catsper2
 	Larp4b
 	Sf3b3
 	Rpap2
 	Tubgcp5
 	Tmem87a
 	Gpbp1l1
 	Farp2
 	Hdlbp
 	Sik3
 	Chmp7
 	Mrps17
 	Setd5
 	Nek9
 	Exosc1
 	Zbed4
 	Gtf2h5
 	Ramp1
 	Wdr5b
 	Dhrs11
 	Ccpg1
 	Gns
 	Gna15
 	Tmem127
 	Rps29
 	Dhx8
 	Synrg
 	Tmem106a
 	Rundc1
 	Dhx57
 	Heatr5a
 	Oaz1
 	Helq
 	Rmi1
 	Pcsk7
 	Rabgap1
 	Thyn1
 	Tdrd7
 	Utp6
 	Prpf39
 	Gtf3c4
 	Zdhhc17
 	Mlc1
 	Edc4
 	Snapc4
 	Gramd1c
 	Zdhhc23
 	Tbc1d24
 	Sbf1
 	Alg5
 	Tbc1d9b
 	Cc2d1a
 	Nop14
 	Anln
 	Dna2
 	Anapc10
 	Zscan21
 	Wdr62
 	Mmaa
 	Elf2
 	4932438A13Rik
 	Ttc13
 	Srrt
 	Trmt6
 	Adam32
 	Azin1
 	Ubr5
 	Zdhhc18
 	Wdtc1
 	Zfp60
 	Slc20a2
 	Actr5
 	Fam76b
 	Iars
 	Ccdc138
 	Atp6v0a2
 	Csf3
 	Pde4dip
 	Rilp
 	Nop2
 	Bphl
 	Smg6
 	Snx25
 	Wdr36
 	Tsr1
 	Sgsm2
 	Upf3a
 	Nfe2l1
 	Ensa
 	Bud31
 	Tmem214
 	Pi4kb
 	Rnf146
 	Dido1
 	Rabggtb
 	Timm8b
 	Tasp1
 	Ss18l1
 	AW209491
 	Srrm2
 	Ndst2
 	Rab3gap2
 	Heatr5b
 	Ttc36
 	Prpf18
 	Ubn1
 	Stau1
 	Hs3st6
 	Mrps6
 	Dnajc28
 	Trub2
 	Ccdc40
 	Zfp292
 	Orc3
 	Rep15
 	Alkbh3
 	Ankib1
 	Mars
 	Spns2
 	Bptf
 	Lrrc52
 	Dhx33
 	Limd2
 	Klc3
 	Ints8
 	Agbl2
 	Ublcp1
 	Sox15
 	Atg2b
 	Dicer1
 	Rpl21
 	Gcn1l1
 	Utp15
 	Ubac2
 	Pdcd7
 	Rpl37
 	Mettl8
 	Hnrnpf
 	Hsd3b7
 	Ttc19
 	Setd1a
 	Gnl3
 	Fbrs
 	Zfyve1
 	Wdr55
 	Mapk6
 	Rnf214
 	Gpr153
 	Zfp513
 	Dpy19l1
 	Pigv
 	Usp48
 	Ptpn11
 	Vwce
 	Zmym1
 	S100a1
 	1810024B03Rik
 	Tigd3
 	Adig
 	Rin3
 	Dnd1
 	Palb2
 	Isca1
 	Gm1123
 	Morn2
 	Trim39
 	Mtus1
 	Eif4g1
 	Polr2k
 	Il17c
 	Serinc4
 	9930021J03Rik
 	Zfp84
 	Zfp62
 	Ccdc66
 	Atp10d
 	Zfp445
 	Rpl9
 	Slfnl1
 	Fbxo28
 	Fbxo30
 	Akap10
 	Tnrc6b
 	Tmem81
 	Gm4884
 	Cxcr6
 	Ctxn1
 	Hmgb4
 	Klhl11
 	Rpl29
 	Cep120
 	Slc39a9
 	Fbxw13
 	Dcaf7
 	Gemin4
 	Polr1a
 	Rpl36al
 	Suox
 	Spink8
 	1600012H06Rik
 	Slc25a44
 	Heatr1
 	Zscan29
 	Fam131a
 	Tatdn1
 	Efcab5
 	Pcdhb11
 	Kctd19
 	Dcun1d4
 	Pabpc2
 	Spats2
 	Taf9
 	Rexo4
 	Plekhg3
 	Tnrc6a
 	Grk4
 	Cyp2j6
 	Msl1
 	Fbxo31
 	Supt7l
 	Styx
 	Gas5
 	Chd8
 	Txlna
 	Ech1
 	Gon4l
 	Mrps21
 	Zfp867
 	Ankrd17
 	Mrfap1
 	Klhl26
 	St3gal5
 	Ncoa4
 	Ccdc18
 	Cspp1
 	5730455P16Rik
 	Armc7
 	Apol9a
 	Mrpl18
 	Eif1a
 	Rpl32
 	Fgf18
 	Phtf1
 	Rpl30
 	Fcer1g
 	Usp47
 	Mbtd1
 	Cdh24
 	Prmt7
 	Tmem219
 	H3f3a
 	Ppm1b
 	Stk19
 	Zcchc14
 	Ppp4r1
 	Flot2
 	Iah1
 	Cnih4
 	Gak
 	Rpl17
 	Acat3
 	Armc9
 	Rpl7a
 	4833420G17Rik
 	Klhl24
 	Naa15
 	Alg11
 	Syne2
 	Snrnp70
 	Chchd1
 	Prpf38a
 	Gpx1
 	Ptcd3
 	Brpf3
 	Ghrl
 	Cdc26
 	Numa1
 	Zfyve26
 	Hmgb1
 	Mrgpra4
 	H2-Q10
 	Romo1
 	Tm9sf4
 	Selenbp1
 	Clk2
 	Gm4925
 	Strada
 	Gm12070
 	Capza1
 	Il18bp
 	Fryl
 	Dgkd
 	Tut1
 	Ganab
 	Slc39a2
 	Ptrh2
 	Adam1a
 	Nfxl1
 	Lrrc61
 	Cep76
 	Rpl13a
 	Ovgp1
 	1700034I23Rik
 	Csnk2a1
 	Aarsd1
 	Zfp652
 	Sarnp
 	Ddi2
 	5830417I10Rik
 	Zfp59
 	Zfp970
 	Capn3
 	Mpp4
 	Fdx1l
 	Tcte3
 	Gm3448
 	3110001I22Rik
 	Bcl2l2
 	Rbm12
 	Shprh
 	Acad11
 	Eif4ebp3
 	Med20
 	Tomm20
 	Gm3373
 	Gm5458
 	1700001J03Rik
 	Trpc2
 	Mpv17
 	Exosc6
 	Zc3h11a
 	Tmem223
 	1500010J02Rik
 	Gcet2
 	Oraov1
 	Fam108b
 	Snx9
 	Jag2
 	Sh3gl1
 	Dvl3
 	Thg1l
 	Unkl
 	Ptgis
 	Akt3
 	Kremen1
 	Zkscan17
 	Lpin1
 	Numb
 	Ylpm1
 	Utp23
 	Ntan1
 	Pmm2
 	Psors1c2
 	Rab40b
 	Dtymk
 	Stx6
 	Slc2a8
 	Lin7c
 	Harbi1
 	Ptpra
 	Il1a
 	Aurka
 	Xpa
 	Srsf4
 	Ube4b
 	Dhx15
 	Tesc
 	Mcm7
 	Slc7a10
 	Kctd13
 	Col4a1
 	Phlpp2
 	Cpsf7
 	Nudt1
 	Wdr19
 	1110032A03Rik
 	E130309D02Rik
 	Elavl1
 	Sgms1
 	Mael
 	Zfhx2
 	Zc3h6
 	Tmem186
 	Ccdc60
 	Cep164
 	Thtpa
 	Mis18bp1
 	Slc35e4
 	Tmem125
 	Thoc7
 	Zfp1
 	Retsat
 	Elmod3
 	Phf21a
 	Rrp1b
 	R74862
 	Ndufaf2
 	Oip5
 	Mrgpra3
 	Pigb
 	Gdf1


Spermatocyte	 
 	A930003O13Rik
 	Acot7
 	Pradc1
 	Arhgef1
 	Tln2
 	Lin28b
 	Trhr2
 	Marcks
 	Aldh1a2
 	Gm21708
 	Bnip2
 	Itpkb
 	Mir1960
 	Plcd1
 	Rreb1
 	Gm20098
 	Fgf9
 	Adam10
 	Cdc23
 	BC030500
 	Sept9
 	Fadd
 	Lipi
 	Cts6
 	Adamts5
 	Oxtr
 	Rfx3
 	Acvr1
 	Slco1a6
 	BC026585
 	Wdr11
 	Cdon
 	Fer1l5
 	Tnik
 	Ifitm7
 	B3gnt7
 	Gm21276
 	Slc2a12
 	Adamts6
 	Pnpt1
 	Klhl6
 	Sh2b2
 	Gabrg2
 	Hif1a
 	Pacsin1
 	Reep3
 	Gm6634
 	Col2a1
 	4930539C22Rik
 	Gata4
 	Matn1
 	Gm19757
 	Mbip
 	G530011O06Rik
 	Gpr126
 	Rag2
 	Actr3
 	1190002N15Rik
 	Flnb
 	Zfp661
 	Tm4sf5
 	Cenph
 	Ywhag
 	Gpr37
 	4930452G13Rik
 	Sorcs1
 	Rad23b
 	Uchl1
 	Abca14
 	AI606473
 	Rassf10
 	Immp2l
 	Sh2d4b
 	Lgi1
 	Il6st
 	Nrp1
 	BC061237
 	Arg1
 	AI593442
 	Gm20751
 	Zbtb46
 	Actl7b
 	Ano5
 	Eci2
 	Mir378b
 	Cdc5l
 	St6galnac3
 	Pipox
 	Pglyrp3
 	Nid2
 	Krtcap2
 	Havcr2
 	Scn11a
 	Sema4b
 	Zfp791
 	Tox3
 	Gm20268
 	Kcnip2
 	Memo1
 	Etaa1
 	Gpr158
 	Cdh2
 	Tenm4
 	Ankrd55
 	Mta3
 	Ctbs
 	Aifm3
 	1500011B03Rik
 	Fnd3c2
 	Ralyl
 	Top1
 	Ldhal6b
 	Kdr
 	Tnpo1
 	Ankrd42
 	1810010D01Rik
 	G630055G22Rik
 	Mir3067
 	Maf
 	Celf2
 	Nudc
 	Zfp354a
 	Ptpn1
 	Eogt
 	Nup210
 	Ccdc171
 	Gal3st3
 	Pex14
 	Tex36
 	Dnajc7
 	Dync2li1
 	Pla2g16
 	Lctl
 	Naa30
 	Cux2
 	Zdhhc14
 	Olfr622
 	Pcnxl4
 	Zfp608
 	Pla2g4a
 	Adam6a
 	Gatad2b
 	AA619741
 	Grik3
 	Trat1
 	Xylt1
 	Nfe2l2
 	Klhdc2
 	Nsg1
 	4930596D02Rik
 	Nr4a1
 	Neurog2
 	Vgll3
 	Tacc3
 	Rfx1
 	Mir5133
 	Gm20815
 	Nkain1
 	Tcp10c
 	Scn7a
 	4930442J19Rik
 	Slc26a4
 	5830454E08Rik
 	Tcp10b
 	Ppp1r12a
 	Ajap1
 	Ssr1
 	Mir383
 	Astn2
 	Vps13a
 	Nbeal1
 	Htr2a
 	4932411E22Rik
 	Slc12a5
 	Pdgfra
 	Surf6
 	Wbp1l
 	Gm5136
 	Sox11
 	Nr2e3
 	Mef2a
 	Cntnap5a
 	BC004004
 	Mycbp2
 	4930579G24Rik
 	Afap1
 	Neurod6
 	9930014A18Rik
 	Ccdc108
 	Prelid2
 	1500009L16Rik
 	1700011H14Rik
 	9430076G02Rik
 	Panx1
 	Dnajc19
 	Tmeff2
 	Tfpi2
 	Nsmf
 	Phyhipl
 	Mlxip
 	4933406K04Rik
 	Tnip3
 	Sox14
 	D130020L05Rik
 	Zdhhc22
 	Dmrta2
 	Gm11602
 	Qsox2
 	Zfp667
 	Rps27l
 	Otud4
 	Papola
 	4930480M12Rik
 	Tas2r134
 	Msantd1
 	Smndc1
 	Zfp389
 	Pced1a
 	Acap2
 	Fez1
 	C630020P19Rik
 	6030443J06Rik
 	Pus7l
 	Spata6
 	Grm7
 	Jakmip1
 	Gm5347
 	Ccdc15
 	Wdr5
 	Kif15
 	4930428E07Rik
 	Slco3a1
 	Gm10818
 	Arntl2
 	4930505G20Rik
 	Pax1
 	Lhx4
 	Sox5
 	Nptx2
 	Mthfs
 	Arhgef10l
 	Siglech
 	Emp1
 	Mir695
 	Lcp2
 	Rala
 	Kif6
 	Map3k7
 	A330050B17Rik
 	Eif5a
 	Rpl7
 	8430422H06Rik
 	Serpinb6b
 	Mir344d-1
 	Gm4981
 	Ttc29
 	Lgals8
 	Fendrr
 	Gm6567
 	Tor4a
 	Ash1l
 	Sdc2
 	Lrrc8b
 	Mob3c
 	Tex10
 	Cntnap5c
 	Tmem211
 	Cpa4
 	Gabrb3
 	Dlgap1
 	Mrpl12
 	Solh
 	Snora64
 	1700042G15Rik
 	Vmn1r71
 	Gm5592
 	1700012D14Rik
 	Hist1h2bc
 	Erdr1
 	Rgs20
 	Ctnnbl1
 	Slc35g1
 	Lims1
 	4930548K13Rik
 	Sall3
 	Max
 	Fam78a
 	Npc1
 	Tle4
 	Ppcdc
 	Usp38
 	Mmp20
 	Isl2
 	Speer4d
 	4930543E12Rik
 	Mtfr2
 	Vmn2r111
 	Psmd14
 	Gm20826
 	Serpinb5
 	Mei4
 	AI839979
 	4922501C03Rik
 	Rsph6a
 	A530099J19Rik
 	Scgb2b3
 	Gm1943
 	Rgs8
 	Scx
 	Park2
 	Tfcp2l1
 	Ube2q2
 	9430023L20Rik
 	Vmn2r121
 	Gm9513
 	Cdh20
 	Cyp26a1
 	Ints12
 	Gm12718
 	Limk1
 	Mir221
 	Adra2a
 	Vmn2r83
 	Slfn10-ps
 	Chchd6
 	Ntm
 	Bmpr1b
 	Dpp10
 	Phactr4
 	Tab1
 	Cfl1
 	Tmtc2
 	Skor2
 	Gm8994
 	Rprl2
 	Gm20063
 	Dis3l2
 	Tank
 	Fam5c
 	BC048507
 	Vmn1r88
 	Mapt
 	Aspa
 	Zswim1
 	0610012H03Rik
 	4930563F08Rik
 	Catsperb
 	Lamc3
 	Lrfn5
 	Wbscr17
 	AI987944
 	5730507C01Rik
 	Fam43a
 	D930032P07Rik
 	Fam117b
 	Car2
 	Sept11
 	Man2a1
 	Dusp8
 	Rusc2
 	Aass
 	Cobll1
 	Arfgef2
 	Pigk
 	Xpr1
 	Polr3e
 	Rtn4rl2
 	D130009I18Rik
 	Tshz2
 	Zap70
 	Parvg
 	Mycn
 	1700025K24Rik
 	Snrpa1
 	Stox1
 	Gpm6a
 	1700101O22Rik
 	Dmap1
 	Btbd3
 	Pitpnb
 	Xrcc6bp1
 	C8b
 	Prkab2
 	Gm4598
 	Aebp2
 	Tmem209
 	Rapgef2
 	4930553E22Rik
 	Dapk1
 	Smarca5-ps
 	Basp1
 	4930423M02Rik
 	A630075F10Rik
 	Rell1
 	Etv1
 	Txnl1
 	Lrrc59
 	Adk
 	Rarg
 	Myoz1
 	Mef2c
 	Ssbp4
 	C87436
 	C2cd4c
 	Pdia5
 	Dupd1
 	2700060E02Rik
 	Gulp1
 	Pak1ip1
 	Pde8b
 	Tbc1d2
 	Zfp687
 	Dnajc21
 	Usp2
 	Slc16a14
 	Mdm2
 	Pfkp
 	Dap
 	Kcnj6
 	Trpm1
 	Gm11426
 	Bloc1s5
 	F630206G17Rik
 	Usp36
 	Zscan18
 	Setbp1
 	Rnf180
 	Adarb2
 	Osbpl8
 	Abcc12
 	Mctp2
 	C730036E19Rik
 	Med13l
 	1700086L19Rik
 	Nbea
 	Dock11
 	Chrm3
 	Nkx6-3
 	Speer1-ps1
 	Sympk
 	Kctd21
 	Gm10377
 	Arpc3
 	2210417A02Rik
 	Bbox1
 	Prr7
 	Rbmxl2
 	Ldlrad3
 	Rgmb
 	Cda
 	P4ha3
 	Mll3
 	A330033J07Rik
 	Tm4sf19
 	Akap11
 	Pvrl1
 	Gm8764
 	Epm2a
 	Shisa7
 	Eno2
 	St8sia3
 	Unc93b1
 	Fbxw15
 	Gm4850
 	Grid2
 	Kncn
 	Slc6a5
 	Ankfn1
 	1700001C02Rik
 	Thada
 	Ccdc80
 	Nron
 	Ephb1
 	AW495222
 	Mettl10
 	Sfxn5
 	Zfp133-ps
 	Dab2ip
 	Fscb
 	Sox4
 	Mir706
 	Gm5089
 	1500015L24Rik
 	Gm16386
 	Mycs
 	Itga11
 	1700047E10Rik
 	C630028M04Rik
 	Gm17751
 	Gtf2b
 	1700057H15Rik
 	Gm6531
 	Azi2
 	Cntn1
 	Ube3a
 	Lpgat1
 	Nat1
 	Rps4y2
 	Camkk2
 	Xirp2
 	Nsmaf
 	Prdx2
 	Gm1715
 	Ganc
 	Mpped2
 	Cfb
 	Reps1
 	Trp63
 	Spata32
 	Kcnip4
 	Setd4
 	A830009L08Rik
 	Faf2
 	Urb1
 	Trim60
 	Cyb561
 	Rrm2b
 	Zfp583
 	Trim38
 	Ets2
 	Ntn1
 	8430408G22Rik
 	Gm6289
 	Gm20871
 	Cyp2a5
 	Mir713
 	Dnahc11
 	Gm16863
 	Prune2
 	Slc24a4
 	Cdc14a
 	Gm6416
 	Npvf
 	Ncam2
 	Serpinb7
 	Asmt
 	Usp30
 	Nampt
 	Bard1
 	2610316D01Rik
 	Zic4
 	Pde6h
 	Nkain3
 	Srcin1
 	Mfsd7c
 	Tctn1
 	Ubxn4
 	Fam196b
 	B3galt1
 	Acacb
 	Hnrnpd
 	Slc24a2
 	Gm2694
 	Lrrfip1
 	Ncf2
 	Sulf1
 	Fhad1
 	Timm21
 	Apeh
 	Atp2a2
 	Trim9
 	Gm16039
 	Foxc1
 	Metrnl
 	Galnt3
 	Commd7
 	Lrrc66
 	Adam5
 	1700027F09Rik
 	Donson
 	Gm13293
 	Dhx35
 	Fat1
 	Tmem232
 	Sh3gl2
 	Tcl1b1
 	Prdm5
 	Fig4
 	Mir3109
 	Fgf15
 	Dmpk
 	2810049E08Rik
 	Rps6ka1
 	Lhx8
 	5031425E22Rik
 	Spata16
 	Mixl1
 	Vmn2r112
 	Agk
 	Adcy2
 	Lce1l
 	Slc37a1
 	AU023762
 	Mettl13
 	Fam154a
 	Gm19782
 	Cpne8
 	Npy1r
 	Efnb2
 	Gm20125
 	Ccl26
 	Stard13
 	Crebbp
 	Ccng2
 	Aga
 	Gjb6
 	Zfp518b
 	Tmem163
 	Rprl1
 	Gm5523
 	Fam135b
 	Anpep
 	Palm3
 	Cyp26b1
 	Gbp11
 	Akr1c18
 	1700024P16Rik
 	D1Ertd622e
 	Meis1
 	7630403G23Rik
 	Rbm38
 	Mup10
 	Akap6
 	Rfc3
 	Vsig8
 	Gm10649
 	B3gat1
 	Man2b2
 	Gm16445
 	Spag16
 	4932435O22Rik
 	Sec11c
 	Ssb
 	Cpq
 	Vrk3
 	Serpinh1
 	Gm10324
 	Gm765
 	Cadm2
 	Rhbdl3
 	Gm2721
 	Phf2
 	Kcnn3
 	Vmn2r62
 	Luzp2
 	Dnajc3
 	Smyd2
 	Gm6084
 	Ddx27
 	Rbfox1
 	Galnt7
 	Fbxw11
 	Atp6ap1l
 	Gm15881
 	E030018B13Rik
 	Mucl1
 	Nradd
 	E030013I19Rik
 	Slc24a5
 	Efcab4b
 	Stk31
 	Gpr85
 	Runx1t1
 	Mir7b
 	Gm2382
 	Nr5a2
 	Mettl21a
 	Sema3d
 	Grin2b
 	Utrn
 	Edn2
 	Gm5549
 	Dact2
 	Wdr18
 	Mir466g
 	Olfm1
 	Sox9
 	Fmnl2
 	Zfp369
 	Rhoh
 	Sox2ot
 	Traf3ip2
 	Mir5125
 	Kcnq3
 	Foxi1
 	Mir468
 	Tmem161b
 	Gm16793
 	Lurap1l
 	Mir181a-1
 	Otop3
 	Foxo6
 	Ankrd54
 	Cdyl2
 	Slc26a5
 	Agbl1
 	Wdr27
 	Dbt
 	4932441J04Rik
 	Mir511
 	Polq
 	1700061I17Rik
 	Irf2bp1
 	Htr1d
 	Ugcg
 	Zfp831
 	2610019F03Rik
 	Dzip1
 	Atp8a2
 	Gm8096
 	4930511E03Rik
 	Cd82
 	Taf1a
 	Ndufab1
 	1700010I14Rik
 	D330041H03Rik
 	Fat3
 	Ccnh
 	Card11
 	C130030K03Rik
 	H2afy
 	5031434C07Rik
 	Acp5
 	Gjc1
 	Dcdc2a
 	Myom2
 	Ugt8a
 	Smim13
 	Grb14
 	Mdga1
 	Gmpr
 	Runx1
 	4930515G16Rik
 	Dbx2
 	Gm527
 	Slc16a7
 	Fermt1
 	Slc48a1
 	Syt9
 	Thap1
 	Rrbp1
 	Il16
 	Kcnd3
 	Gpr141
 	Mbnl2
 	Gm11627
 	Sobp
 	Slc39a10
 	Speer2
 	Tprg
 	Ms4a4c
 	1700065J18Rik
 	Gm6602
 	Gm6260
 	Mup12
 	Tbca
 	Gm8234
 	Esr2
 	Kit
 	Dpysl2
 	Spint3
 	1600014K23Rik
 	4930432J09Rik
 	Mirlet7i
 	Gm14420
 	Tmprss15
 	Gpbp1
 	Ep300
 	Fam101a
 	Zfp105
 	BC100451
 	B230209K01Rik
 	Tas2r123
 	1700001L19Rik
 	Tamm41
 	Vmn1r87
 	Cd5
 	4930546C10Rik
 	Pop5
 	Gm20756
 	H2afy2
 	Gda
 	Arl2
 	Prss29
 	1700112H15Rik
 	Gm3264
 	Smchd1
 	Opn5
 	Radil
 	Fndc1
 	4933425L06Rik
 	Pdgfc
 	Gm7538
 	Galnt14
 	4930429B21Rik
 	Got2
 	4931417E11Rik
 	Mss51
 	Iltifb
 	Astl
 	Gm15140
 	3110007F17Rik
 	Slc5a12
 	Sfta2
 	Gm20554
 	M6pr
 	Gm16796
 	Nlrp6
 	Zfp64
 	Ralgps2
 	Slc7a1
 	Vav1
 	Gm44
 	Tns3
 	Elac2
 	Shc4
 	Chst2
 	Dlgap2
 	Nuf2
 	Gm6578
 	Mmp17
 	E130012A19Rik
 	6030408B16Rik
 	Nrxn3
 	Pcdhb10
 	Bend5
 	Mir682
 	Frmd4a
 	Galnt1
 	Stxbp6
 	Stt3a
 	Tmem97
 	Bhlha15
 	Olfr1311
 	Ltb4r1
 	Esrrg
 	Rab3b
 	Zfp595
 	4930529F24Rik
 	1700028M03Rik
 	Rimbp3
 	Stc2
 	Xrcc3
 	Smad5
 	2700097O09Rik
 	Gli2
 	Svop
 	Kdm6b
 	Vat1l
 	4922502N22Rik
 	Arhgap15
 	Tmem178b
 	Ttll11
 	Tfap2a
 	Gm10125
 	Pigg
 	Aqp11
 	Pacs2
 	4930533B01Rik
 	Pisd-ps1
 	Cldn5
 	Itsn1
 	Ptn
 	4930547E08Rik
 	Pla2g4d
 	Sh3rf3
 	Osbpl6
 	1700008P02Rik
 	Tnfsf14
 	Fmn2
 	Gtdc1
 	Emp2
 	Fam129a
 	Ndufb6
 	Rc3h1
 	6030407O03Rik
 	Hoxd11
 	Grm3
 	1700091H14Rik
 	Aqp4
 	Klf6
 	2610100L16Rik
 	1700017G19Rik
 	Mir5127
 	Clec16a
 	Ddr2
 	Myo10
 	G0s2
 	Serpinb3d
 	Serpinb9g
 	Acnat2
 	Gm21119
 	1700001F09Rik
 	Asprv1
 	Ppp1r16b
 	Lancl1
 	1700020I14Rik
 	Smarcb1
 	Ghr
 	4930578N18Rik
 	Lrrn4cl
 	Irx1
 	Cdh13
 	Ndufaf5
 	Sdk1
 	Cyp2d12
 	Enox1
 	Ift57
 	Pcdh9
 	Flrt3
 	Gng12
 	1700019E08Rik
 	CK137956
 	Aqp7
 	Gpr34
 	1810041L15Rik
 	Tnfsf8
 	Ambp
 	Sptbn4
 	Apbb1ip
 	F2rl3
 	Mir200b
 	Ulk4
 	Olfr1164
 	Gm20822
 	Eif2b2
 	Prdm13
 	Car8
 	Trim13
 	Nkx2-6
 	Ehmt1
 	Spata7
 	Hist2h4
 	Ndufaf6
 	4930529M08Rik
 	Atg10
 	Galr1
 	Myo1e
 	A130049A11Rik
 	En1
 	Rnf217
 	Gm11186
 	4930590J08Rik
 	Enpp2
 	Oas1d
 	Cd109
 	Slc4a8
 	AI414108
 	Gm15545
 	Msx2
 	Gm10280
 	Gm4340
 	2610035D17Rik
 	Rmnd5a
 	Dcaf12l2
 	Pdlim3
 	Eva1b
 	Eid3
 	Gpx2-ps1
 	Kif16b
 	Cldn14
 	Ccdc59
 	Pdha2
 	Atp2b1
 	Tnp1
 	A630001G21Rik
 	Ntrk3
 	Erf
 	Cdh15
 	Irx6
 	AA545190
 	Gabrg1
 	4933430M04Rik
 	Rnu6
 	Sec61a2
 	Acvr2a
 	Dusp16
 	Rph3a
 	2610017I09Rik
 	Tpd52
 	Dach1
 	Glt25d1
 	Ccdc14
 	Gm5803
 	Clcn3
 	Papolg
 	4930405A10Rik
 	Mir683-2
 	Col6a3
 	Ggct
 	Itgb8
 	Hs3st4
 	Mroh2a
 	Sc4mol
 	Nr2f1
 	Cyp4a12a
 	Grin3a
 	Pik3cg
 	AW554918
 	8030442B05Rik
 	Frk
 	4921506M07Rik
 	Mrap
 	Bmper
 	Pus10
 	B230214G05Rik
 	Chmp4b
 	Bai3
 	Fam174a
 	Mpp6
 	Senp5
 	Tcerg1l
 	Cstad
 	1700023L04Rik
 	Atp1b1
 	Sncg
 	Rpl22l1
 	8030443G20Rik
 	Srp9
 	Gm17746
 	Frmd4b
 	Mir1904
 	Dlg2
 	Rad21
 	Foxj1
 	Sphkap
 	Ctnna3
 	Clstn2
 	Gm11944
 	Herc4
 	Cdk5rap2
 	Ufsp2
 	Kcnn2
 	Bicc1
 	Scn3b
 	4931408C20Rik
 	Ttc7b
 	Tas2r109
 	Bmp2
 	Ptpru
 	4933401B06Rik
 	Ogfrl1
 	Tmem132d
 	Atf6
 	Gpr101
 	Zbtb2
 	Adad1
 	Mettl21e
 	Gm10421
 	Gtf3a
 	Fkbp2
 	Mapk13
 	Mbd3l1
 	4930474G06Rik
 	Cisd1
 	4933430N04Rik
 	Mrps24
 	Khdrbs3
 	Nol11
 	Glrp1
 	Tyw5
 	Dnajc1
 	Ocel1
 	4930581F22Rik
 	Tll1
 	Gm10637
 	Gpr19
 	Shc2
 	1700034G24Rik
 	Gm5382
 	Fbxo8
 	Pde1c
 	A930011G23Rik
 	2310067B10Rik
 	Grik4
 	Olfr1094
 	4933406C10Rik
 	Slc12a8
 	Shank2
 	Eif4h
 	Mir199a-1
 	Peg12
 	Sstr4
 	4930548G14Rik
 	Usp39
 	4930524C18Rik
 	Grhpr
 	Rnaset2a
 	4933412E24Rik
 	Snapc1
 	4930558K02Rik
 	Fibin
 	Zmpste24
 	Tmem241
 	Pggt1b
 	Gm10696
 	Api5
 	Nup214
 	Syt17
 	4930557J02Rik
 	Dnahc7a
 	Cacng2
 	1700092C02Rik
 	Cwf19l2
 	Usp6nl
 	Srsf7
 	Smgc
 	4930555G01Rik
 	Trpc6
 	Vmn2r22
 	Tbr1
 	Arhgap18
 	Mir466b-3
 	Sval1
 	Asun
 	Ythdf3
 	Rerg
 	Ephx4
 	Gm10406
 	Diras2
 	2410089E03Rik
 	Gm5796
 	Agps
 	Gas8
 	Gm21947
 	Irak1bp1
 	Gm5148
 	Ly6k
 	Tcf21
 	Efr3a
 	A530053G22Rik
 	Tbcel
 	Igsf11
 	Suclg1
 	Iqcf1
 	D830032E09Rik
 	Slc17a5
 	Olfr957
 	Birc3
 	Pou3f2
 	Ldoc1
 	Dnmt3b
 	Arhgap22
 	Dbr1
 	Slc38a11
 	Adamts17
 	Arl4a
 	Tmx1
 	1700081H22Rik
 	Pqlc1
 	Rab18
 	1700095A21Rik
 	Atp13a5
 	2410141K09Rik
 	4930405A21Rik
 	Eepd1
 	Rbp3
 	LOC100861615
 	Gm9758
 	Foxd3
 	Dck
 	Cdh4
 	Pard3
 	Ccdc17
 	Snx10
 	Epha4
 	4930444P10Rik
 	Fzd1
 	Klhl8
 	Bnip3l
 	Prmt6
 	Pigp
 	Phf20l1
 	Gm20362
 	Fam216b
 	Adcyap1
 	Pcbp2
 	Tinag
 	Sgcd
 	Pabpc4l
 	Lrp2
 	Hs6st1
 	Golph3l
 	Olfr161
 	4921513I03Rik
 	Lrrfip2
 	Fam188a
 	4933422A05Rik
 	Impad1
 	Cd2
 	Vmn2r100
 	4930590L20Rik
 	Reck
 	Fto
 	Sec63
 	Ppp1r17
 	E330013P04Rik
 	Clk3
 	1700020N15Rik
 	Neto1
 	Zmym2
 	Creb3l1
 	Gpr12
 	4933401H06Rik
 	Gm4710
 	Lyzl1
 	9030025P20Rik
 	Gm17019
 	Ccl28
 	Ssty1
 	Cep95
 	Spp2
 	4930448I06Rik
 	Olfml2b
 	Irgm2
 	Sftpd
 	Zfp507
 	Zfp746
 	Gm16432
 	Tspan3
 	Gpc6
 	Cnksr2
 	Pea15b
 	4930556N09Rik
 	Mageb5
 	Fntb
 	Lrrc4c
 	Spcs3
 	Gm15663
 	1700030C10Rik
 	Mesp1
 	Gpr1
 	Gnat3
 	Sprtn
 	Ddhd1
 	Frmd3
 	Suv420h1
 	Nubpl
 	Enpp6
 	Galnt2
 	Amot
 	4930467K11Rik
 	Tmprss12
 	Thsd4
 	Srgap1
 	Gdpd3
 	Tecta
 	Iyd
 	Gm3696
 	Myl10
 	Gpcpd1
 	Sbk1
 	Coch
 	Vmn1r100
 	Zbtb16
 	Prdm11
 	Lrp1b
 	Cdh26
 	Plin4
 	Chia
 	9130019P16Rik
 	Gm6150
 	Cd38
 	1700081H04Rik
 	Cstf3
 	Fam115e
 	Tjp3
 	Prox1
 	Pknox1
 	Spo11
 	Timp4
 	Crispld2
 	Sgsm3
 	Zfp609
 	Fam172a
 	Trub1
 	1700007B14Rik
 	Lrrc4
 	4930433N12Rik
 	Hspa4l
 	Dmd
 	Tnfsf10
 	7420700N18Rik
 	G6pc
 	E330017L17Rik
 	Dctn6
 	Cggbp1
 	Diap3
 	Tmem184b
 	Dock10
 	Gatsl2
 	4933400F21Rik
 	Megf9
 	Dpp4
 	Zfp386
 	Arhgap29
 	Dsel
 	Tfec
 	Gm12130
 	Armc1
 	Polr3c
 	Fbxl18
 	Emcn
 	9530002B09Rik
 	Zfp352
 	Zfp956
 	Enthd1
 	1700016K19Rik
 	Nup93
 	Ube2z
 	Rab11fip3
 	Slc25a38
 	Mir684-1
 	Ankrd46
 	Gm21221
 	Cbr3
 	Inpp5a
 	Plk2
 	Hgd
 	Rrp8
 	Oaz2
 	Acot10
 	Fxr1
 	Fam114a2
 	Bub3
 	Ppp1r14a
 	Gria3
 	Cnih2
 	Unc5c
 	Cbfa2t2
 	Asb14
 	B4galt6
 	Lcorl
 	Hs3st3b1
 	Slc45a4
 	Cpxcr1
 	Mir1900
 	Mecom
 	Gm20806
 	Ssrp1
 	1700040N02Rik
 	Hrh4
 	Cdh6
 	Tmem248
 	3110001D03Rik
 	Arhgap25
 	Wrap73
 	Ccnd3
 	Xkrx
 	Foxk1
 	Thrb
 	Pmaip1
 	4930599N23Rik
 	Hbp1
 	Tcf3
 	Slc25a17
 	Dad1
 	Fgf14
 	Mospd4
 	Cops4
 	Crb1
 	Col4a4
 	Rab2a
 	Cyp2d26
 	Wwp2
 	Slc38a9
 	Fabp9
 	Gpr161
 	Tex24
 	4930448K20Rik
 	Arl14ep
 	Pinx1
 	Gm9992
 	Zfp459
 	4933434I20Rik
 	Khdc1b
 	Zfp868
 	Fam3b
 	Tmem204
 	Egr3
 	Mroh8
 	Mobp
 	2700054A10Rik
 	Cystm1
 	Tdpoz4
 	8430419L09Rik
 	Stxbp5
 	Gm5833
 	Speer4a
 	Art3
 	Sub1
 	Mrpl46
 	Tsga13
 	Mettl24
 	Kdm4c
 	Cdh12
 	Rfx4
 	Mast4
 	Rsph3b
 	Zfp719
 	Tgfb2
 	Lst1
 	4932411N23Rik
 	Gm5114
 	Vta1
 	Rbm17
 	Olfm4
 	Paqr8
 	Erc1
 	Zfy2
 	Zpld1
 	Vmn2r51
 	Tsga8
 	Ehd1
 	Slitrk1
 	Zfp612
 	1190005I06Rik
 	Mir876
 	Ipp
 	Nxpe3
 	Rap2b
 	Ccdc129
 	Mmp16
 	Far1
 	Olfr461
 	Pbx1
 	Adcy8
 	Ttll6
 	Vwf
 	Ptprf
 	Cubn
 	Fam98a
 	Scamp1
 	Slc9a7
 	4930470H14Rik
 	Rab11a
 	Amelx
 	Pten
 	Zfp712
 	Ceacam14
 	Pclo
 	Ly6c2
 	Sucla2
 	Pla2g5
 	Epha6
 	Ddx25
 	Olfr969
 	Fbxo16
 	Amer2
 	Gm10069
 	Pcsk1
 	B930025P03Rik
 	Hes5
 	1700049E22Rik
 	Tbxas1
 	Fndc3a
 	4930465M20Rik
 	Tmem42
 	Cntn5
 	Edil3
 	Csnka2ip
 	Kcng1
 	Oxgr1
 	Piwil2
 	Kcnj2
 	Ets1
 	Tspan32
 	Slc35c1
 	Hey1
 	Fam19a5
 	Ophn1
 	Myof
 	4933427D14Rik
 	Naglu
 	Gcnt7
 	1700011B04Rik
 	Arhgap8
 	Ccdc117
 	Usp13
 	Mak
 	Abt1
 	E530011L22Rik
 	Ldlrad4
 	Jun
 	Cep112
 	Chst7
 	Cnppd1
 	1700109I08Rik
 	Ehd4
 	Lnx1
 	Ppp1r2-ps7
 	Csf2ra
 	Plxnc1
 	Ace3
 	Muc19
 	Rbm44
 	1700128A07Rik
 	Dgkh
 	Ephx3
 	Mir28c
 	4933402J15Rik
 	Ilf2
 	Rab1
 	Ccnc
 	Gm20754
 	4930486F22Rik
 	1700110C19Rik
 	T
 	Zc3h3
 	Sp110
 	Prickle2
 	Abcg1
 	Usp17le
 	Plekhj1
 	Ntrk2
 	Gm5506
 	4933406G16Rik
 	1700084F23Rik
 	Pcca
 	Zfp36l1
 	Vwc2
 	Gch1
 	Cry1
 	Gm6455
 	Sdr16c6
 	1700067G17Rik
 	Zfp236
 	Snx2
 	l7Rn6
 	Nrbf2
 	Far2
 	Tcea1
 	Zfp518a
 	Rpl10l
 	4930529C04Rik
 	A730018C14Rik
 	Nox3
 	Rfwd2
 	Tldc1
 	Slc10a7
 	Zfp934
 	Gdpd4
 	Fnbp4
 	Accsl
 	Snord116
 	Tsc22d1
 	Gm6297
 	Dnajb1
 	Hspa1b
 	Lipe
 	E330021D16Rik
 	Ppargc1a
 	Tctex1d1
 	2310040G24Rik
 	1700016D06Rik
 	Gml
 	Fam3c
 	Mertk
 	Hsf5
 	Soat1
 	Gem
 	Lhfpl4
 	4930444M15Rik
 	4833428L15Rik
 	Gas2l3
 	Cep57l1
 	Ggnbp1
 	Oaz1-ps
 	Commd10
 	Cdr2
 	Hemt1
 	9330117O12Rik
 	S100a10
 	Col6a5
 	4930449E01Rik
 	4930556G01Rik
 	Serinc5
 	Cald1
 	Lsm6
 	4930448F12Rik
 	Cntnap2
 	Kcnv2
 	Sox6
 	Shisa5
 	Mdfic
 	Rps20
 	Ifngr2
 	Adgb
 	Sema6c
 	Lysmd4
 	Cdv3
 	Prim1
 	Acsbg1
 	Glt28d2
 	Hace1
 	Pdzrn3
 	Meg3
 	Rsrp1
 	Mat2a
 	Plekhm1
 	Col22a1
 	Vmn2r98
 	Cables1
 	Prdm14
 	P4ha1
 	Dscaml1
 	Mettl15
 	Slc7a9
 	Prdm1
 	Ky
 	Pcdh19
 	Ttc37
 	Lrrtm4
 	Sesn2
 	E330012B07Rik
 	Gm4872
 	Plcg2
 	Pdzd2
 	Nmu
 	Myh11
 	Mgst2
 	Olfr1273-ps
 	A230028O05Rik
 	2310015B20Rik
 	Efcab3
 	Gatm
 	Bcat1
 	5031425F14Rik
 	Psmd9
 	Mtnr1b
 	Enah
 	Cops6
 	Gm5860
 	Mir669m-1
 	Helz2
 	Srprb
 	Zcchc13
 	Man1a2
 	Commd8
 	Nckap5
 	Tm4sf1
 	Srcrb4d
 	Slco5a1
 	Zfp706
 	Ttc9
 	Prr5l
 	Pik3cb
 	2310043L19Rik
 	Armc12
 	Cbl
 	Rax
 	Myom3
 	2900011O08Rik
 	Ept1
 	Mitf
 	Gltscr1l
 	Fyttd1
 	Chrm2
 	Galc
 	1810006J02Rik
 	Gm20356
 	Fbxl7
 	4931429P17Rik
 	Alox5ap
 	Prpf40a
 	Atxn7l3b
 	Smoc2
 	Atp6ap2
 	Rab3c
 	4930578C19Rik
 	Rnf34
 	Ptprz1
 	Slco4c1
 	Prss48
 	Zfp423
 	Polr3gl
 	Atxn1
 	1810013L24Rik
 	Sh3tc2
 	Ero1l
 	Cdh10
 	Tmem9b
 	Serpinb3c
 	Rdm1
 	Zbtb7c
 	Ticrr
 	Grp
 	4632428N05Rik
 	Rasgrp3
 	Neto2
 	1700022A22Rik
 	9930104L06Rik
 	D030024E09Rik
 	Vmn2r58
 	Spred2
 	Slx4ip
 	Slc45a1
 	Rad51c
 	Ccdc141
 	Keg1
 	Gm11549
 	Spata13
 	Rhot1
 	Cmtm4
 	2010106C02Rik
 	Patl1
 	Mir3964
 	Cyp4f18
 	Ptch1
 	1700065D16Rik
 	Ccdc158
 	Barhl2
 	4930519D14Rik
 	6030466F02Rik
 	Vwde
 	Daw1
 	Cachd1
 	Tead1
 	Evx2
 	Mgat5
 	4930480K15Rik
 	Gm12633
 	Vars
 	Cbln2
 	Epha5
 	4930471G03Rik
 	Gm5607
 	2700089E24Rik
 	3110009F21Rik
 	Gm14005
 	4930413E15Rik
 	Mir301
 	Sel1l
 	Rnf152
 	D230030E09Rik
 	N6amt1
 	Tmem68
 	Otx1
 	Gja5
 	Stmn4
 	Ddc
 	Otx2os1
 	Aff3
 	Khdrbs2
 	Pofut2
 	Abhd2
 	Sema5b
 	Pax7
 	Zfhx4
 	Ebpl
 	Cln8
 	Afap1l1
 	Riok2
 	Rnf133
 	Cdc73
 	Kctd6
 	Dsc3
 	Mypn
 	Myo9a
 	Diexf
 	4933429O19Rik
 	Mms19
 	1700108F19Rik
 	Gja1
 	4933400L20Rik
 	Celf4
 	Fam181b
 	Gja8
 	Ltbp1
 	Lmo7
 	Tmem52
 	2810055G20Rik
 	Atoh8
 	Lce1m
 	Taf8
 	Anks1b
 	Ghitm
 	Irx3
 	Tnpo3
 	Gm11837
 	Glra2
 	Olfr488
 	Mier1
 	Plekhg1
 	Slc25a21
 	Hddc3
 	6530411M01Rik
 	Adam30
 	Kansl1
 	Atxn7
 	Gm2447
 	Arhgef38
 	Gm16677
 	Slc12a2
 	Stpg2
 	Map2k6
 	Oca2
 	Trove2
 	Cramp1l
 	Mb21d2
 	Acot5
 	Eltd1
 	Ssbp2
 	Mir3966
 	Stk32c
 	Zfhx2as
 	Olfr59
 	Cdh18
 	4930401C15Rik
 	Snx27
 	Acaca
 	Rlf
 	Gm15412
 	Gm3833
 	Pi4k2b
 	March8
 	Sclt1
 	Nle1
 	BC005537
 	Kbtbd12
 	1810053B23Rik
 	Cntnap5b
 	1700019M22Rik
 	AU040320
 	Ano4
 	Fam102b
 	Ptk2
 	Ssbp3
 	Rimklb
 	Wasf3
 	Tmem200c
 	Gm13037
 	Krt7
 	Atp10b
 	Prom1
 	Zfp251
 	Nxph3
 	Dpep3
 	Magi1
 	Pot1a
 	Pom121l12
 	Six3
 	Cmss1
 	Hectd1
 	Cds2
 	Leap2
 	Cxcr7
 	Ppp2ca
 	Chrna9
 	Shpk
 	Mir133a-1
 	2310035C23Rik
 	Schip1
 	Car10
 	Ofcc1
 	4921530L21Rik
 	3010033K07Rik
 	Rubie
 	Isoc1
 	Gm10863
 	Slc22a15
 	Kctd18
 	3110062M04Rik
 	Fam50b
 	Smagp
 	Spata19
 	Lsamp
 	Robo1
 	Laptm4b
 	4930448I18Rik
 	Lhfpl2
 	Zscan2
 	Samd12
 	1700018B24Rik
 	Slc25a41
 	Pabpc5
 	Cndp1
 	Copb1
 	BC030870
 	Soga2
 	Omt2a
 	Mier3
 	Sntg1
 	Dok5
 	Ift43
 	Supt16
 	Gm5086
 	Brms1l
 	Col27a1
 	Naa20
 	Cdk6
 	Isx
 	Hsd17b3
 	Rasl11b
 	Spata24
 	Ptk2b
 	Elmsan1
 	Pou3f1
 	Ddx18
 	Alpl
 	Ctsh
 	Map9
 	Calcrl
 	Cetn1
 	Bag3
 	Lrrtm1
 	4930517E11Rik
 	Tpbg
 	4933415F23Rik
 	Slc7a14
 	Abcc5
 	Col9a1
 	Slc27a4
 	A530072M11Rik
 	Ap1b1
 	Tspan12
 	Msh2
 	Dock1
 	Ddx21
 	Nova1
 	Pcx
 	Ptprm
 	Etl4
 	Icam1
 	Gkn3
 	1700063O14Rik
 	Lphn3
 	Trim30a
 	Fbxw14
 	Zfp572
 	Try4
 	9530003J23Rik
 	Btbd8
 	Slitrk6
 	Pvrl3
 	Epha7
 	1700123L14Rik
 	Kl
 	Ccdc88c
 	Adam12
 	Smarcc2
 	Prdm2
 	Gsn
 	Rps6ka3
 	Gm41
 	Kcnn1
 	Ftmt
 	Spef2
 	Tprn
 	Mc4r
 	Olfr156
 	Ccdc121
 	1700031M16Rik
 	Ankrd33b
 	Foxq1
 	Grap2
 	Dfna5
 	Smarca2
 	Abca8b
 	Daam1
 	Snw1
 	Ifi44
 	Mir690
 	Atf1
 	Scn3a
 	Dtl
 	Nrf1
 	4933438B17Rik
 	Uimc1
 	Syndig1
 	Trim36
 	Mir491
 	Swt1
 	Bambi
 	Rab28
 	1700012B15Rik
 	Col6a6
 	1700066B17Rik
 	Scn8a
 	Ywhae
 	Gpr116
 	Ndn
 	Elovl5
 	Tuba3b
 	Mboat2
 	2310005E17Rik
 	Trappc8
 	Vmn1r86
 	Irs1
 	Pax9
 	Tsn
 	Hsp90b1
 	Rps6kb1
 	Fam109a
 	Olfr1337
 	Mat2b
 	Jarid2
 	Rab44
 	Cers4
 	Gm19466
 	Sall4
 	Ube2e2
 	Sgcz
 	1700110K17Rik
 	Olfr847
 	Man2b1
 	Zfp114
 	Fam195b
 	Cdca7l
 	Tgm2
 	Batf3
 	Pik3c3
 	Cox4i2
 	Nr6a1
 	Tsen2
 	4933404K08Rik
 	Scube2
 	Rgs9
 	Cdkn3
 	Hmcn1
 	Smad2
 	Tarsl2
 	Epas1
 	Klf10
 	Zfp941
 	Sptan1
 	Gm11149
 	4930592I03Rik
 	Trim33
 	Rergl
 	Zfpm2
 	Zfp534
 	Eda
 	Gm10745
 	Rabl2
 	Ins1
 	Olfr77
 	Slc4a3
 	Rbm34
 	Cetn3
 	Ccdc160
 	Hivep3
 	Ttc8
 	C1qtnf6
 	1700027A15Rik
 	Pde3a
 	Kcnk12
 	Atp10a
 	Gm20337
 	Spink5
 	March1
 	D6Wsu163e
 	Zfp120
 	1700120E14Rik
 	Kcnd2
 	Wdpcp
 	Kbtbd8
 	Tdrd9
 	Cwc22
 	Hif1an
 	Gm364
 	Eif3g
 	Ftsj2
 	Ergic1
 	Gle1
 	Ptcd1
 	Akap5
 	Gmds
 	Abi3bp
 	Lasp1
 	Gm3415
 	2810404M03Rik
 	Gm3402
 	Mms22l
 	Btg4
 	Cenpf
 	Gm10033
 	Suclg2
 	A330102I10Rik
 	Cdan1
 	1700016G22Rik
 	Hus1b
 	Sik1
 	Gphn
 	Ctdspl
 	Kcnh5
 	Samd9l
 	4930572O13Rik
 	9630013A20Rik
 	Lrrn1
 	Spry1
 	Vapb
 	Smim15
 	Mir466
 	Plxnd1
 	Hnrnpr
 	Pcdh18
 	Rnf32
 	Fam19a1
 	Ect2
 	Akr1a1
 	Gjb2
 	Kcna3
 	Gm16894
 	Mir488
 	Olfr589
 	Chac1
 	Bcas3
 	Epcam
 	Diap2
 	Dok3
 	Ptx3
 	Map2k4
 	Mkl1
 	Mep1b
 	Tmem132b
 	Armc4
 	Gm10058
 	Ccdc62
 	Olfr1124
 	Cbwd1
 	Tmed5
 	Hiat1
 	4921504A21Rik
 	Rabep1
 	Clic5
 	Hnrnpm
 	Pdgfd
 	Slc13a4
 	Tmed8
 	Klhl2
 	Arrdc3
 	Cox7a1
 	Gm16880
 	Cecr2
 	A530058N18Rik
 	Ppp1r1c
 	1700028P15Rik
 	Insig2
 	Kif5b
 	Msx1
 	Lyst
 	4933440M02Rik
 	Zfp512
 	Cdkal1
 	Ppp1r2-ps9
 	Glb1
 	Fbxo43
 	Lmbrd2
 	Tifab
 	Exoc6b
 	Slc31a2
 	Acox3
 	Phka1
 	Dtd1
 	Nmur2
 	Anxa1
 	Pdpn
 	Caln1
 	Trpc7
 	Wdr54
 	Cmpk2
 	Pnkd
 	Emilin2
 	Gm10466
 	Cypt9
 	Ctsc
 	Gm6313
 	Slc35f2
 	Gm16551
 	Hs3st1
 	9430020K01Rik
 	Fbxw19
 	Dst
 	Usp29
 	Gm10416
 	Maml2
 	Gas1
 	BC048403
 	Gm6408
 	Asah2
 	Pms1
 	Kcna2
 	Nr3c1
 	Sos1
 	Dnahc7b
 	Eif4ebp2
 	Gfap
 	B230323A14Rik
 	Slc25a27
 	Stat4
 	Cox20
 	Tlr4
 	Pnpla7
 	4632415L05Rik
 	Snord14c
 	Rpl34-ps1
 	Zbtb44
 	Vmn1r66
 	Klhl14
 	Mcf2
 	2810029C07Rik
 	Lmo2
 	Cd180
 	4930565D16Rik
 	Stk4
 	Ncoa5
 	Krt19
 	Ube2dnl2
 	Gm10488
 	Mdc1
 	Ddx10
 	Tnfrsf11a
 	Mrps28
 	Grin2a
 	Jmjd7
 	1700008I05Rik
 	Usp35
 	Csnk1g3
 	Chmp3
 	Dnase1l3
 	2310065F04Rik
 	Mir204
 	Dlc1
 	4930474N09Rik
 	Mpp1
 	Peli1
 	Tmem100
 	Otud7a
 	Wscd1
 	Lrrc71
 	Mir140
 	Nol4
 	Tmem38b
 	Zfand3
 	Gpr20
 	Nrsn1
 	Celf3
 	Pld1
 	Sorcs3
 	Rapgef6
 	Gm4566
 	Mtbp
 	8030423J24Rik
 	E2f6
 	1700012I11Rik
 	Rtf1
 	1700061F12Rik
 	Izumo3
 	Gpr171
 	Lingo1
 	Tenm2
 	Smtn
 	Klc2
 	9530080O11Rik
 	Frrs1
 	Tpk1
 	Atp5o
 	Npffr2
 	Fam136a
 	Sh3tc1
 	AI836003
 	Ppp1r2-ps3
 	Olfr1109
 	2700069I18Rik
 	Olfr293
 	Serinc1
 	Cenpw
 	Ankrd7
 	Rsph4a
 	Klf12
 	Kcnj3
 	Usp54
 	Agxt2l2
 	4930577N17Rik
 	2310068J16Rik
 	Rnf19a
 	Ptpro
 	Arhgef10
 	Svil
 	Capn9
 	Rnf6
 	Pld5
 	Zdhhc19
 	4930402F11Rik
 	Bahd1
 	Nedd1
 	Ube2e3
 	Glrx2
 	Ttc21a
 	Zfp40
 	Arhgef28
 	Mmp9
 	Dab2
 	Htr7
 	Gm10440
 	Moxd1
 	Metap1d
 	Gm4971
 	Tmod1
 	Tyrp1
 	Als2cr11
 	Skp1a
 	Capn8
 	Grm5
 	Zfp957
 	Krt81
 	Lamp1
 	Scg5
 	Snord58b
 	Plekha7
 	Rims4
 	C77370
 	Snrpn
 	Tbc1d22b
 	Gm815
 	Gm10823
 	Rasgef1b
 	Sepn1
 	Cyp2e1
 	Cacng8
 	Sstr2
 	1700049E15Rik
 	1700041M19Rik
 	Mir669a-9
 	Daf2
 	Olfr75-ps1
 	Akna
 	Ttc17
 	1700126H18Rik
 	Pkia
 	Gm5779
 	Gm3716
 	Grip2
 	Chpt1
 	Lipc
 	Apol7a
 	Col11a1
 	Arhgef26
 	Hydin
 	Kifc3
 	Gm266
 	F11
 	Pfkfb4
 	Atp5g2
 	Pip4k2a
 	Pnma2
 	Cd34
 	Lingo2
 	Ids
 	Theg
 	Aven
 	Fstl5
 	Eif3e
 	Gmnc
 	1810010H24Rik
 	Zfp536
 	Ptprn2
 	1700044K03Rik
 	Mphosph6
 	Clec10a
 	Tulp1
 	Pcdh20
 	Olfr358
 	BC055402
 	Zfp385b
 	Gm12159
 	Aldoart1
 	Pros1
 	BC029214
 	Cacna2d3
 	Cdc42ep4
 	Hs3st2
 	Dok6
 	Slc39a11
 	1700129C05Rik
 	AI854517
 	Abr
 	Brca2
 	Ubxn10
 	Slc29a4
 	Eapp
 	Arhgap33
 	Zfp384
 	Itch
 	2700049A03Rik
 	D230025D16Rik
 	Ssu2
 	Ankar
 	Wwox
 	Ebf3
 	Dbx1
 	Zdhhc25
 	Lrrc32
 	Kctd16
 	Gm16998
 	Stradb
 	Mapk1ip1l
 	Rnf115
 	2810032G03Rik
 	Arl13a
 	Cct5
 	Kcne4
 	Wdr44
 	Cdh9
 	Synpr
 	1700085B03Rik
 	Tnfrsf26
 	Mesdc1
 	Kcnq5
 	Cyth3
 	Cdca7
 	5430402E10Rik
 	Dmrtc1c1
 	BC006965
 	Gm20738
 	Foxn2
 	Tex14
 	Rims3
 	Wif1
 	Mrpl42
 	Ccdc162
 	Mir1958
 	Mir335
 	4933425H06Rik
 	Calb1
 	Kcna4
 	4930478P22Rik
 	Grin3b
 	Arhgap12
 	Fbxo10
 	Pik3ca
 	Crh
 	Poll
 	Lor
 	D16Ertd519e
 	Fam76a
 	Gm1045
 	Mir1907
 	Trhde
 	Gm20865
 	Klhl38
 	Nudt12
 	Spock1
 	Btf3l4
 	Sp1
 	Slc35f1
 	Nfam1
 	9030624G23Rik
 	Skint11
 	Msi2
 	Tdrd5
 	Cd1d2
 	Psat1
 	Moxd2
 	Slxl1
 	Tmc5
 	Trim24
 	Glra1
 	Ly6f
 	Ap2a2
 	Cntn6
 	Syt1
 	Gas7
 	Kif14
 	Bhlhe22
 	Vmn2r61
 	1700003L19Rik
 	Tns4
 	1700046C09Rik
 	Pcm1
 	Hmha1
 	Cpa3
 	Habp2
 	4931406B18Rik
 	Gm20877
 	Anapc1
 	Ubqln4
 	A230009B12Rik
 	Amigo2
 	Cdh19
 	Prok2
 	Srgap3
 	Eif1ad
 	Olfr1467
 	Speer4f
 	Rem2
 	Vmn1r83
 	Ppp1cb
 	1810011O10Rik
 	Cldn11
 	Kif2c
 	1700026F02Rik
 	Syna
 	Pstpip2
 	Slc47a2
 	Inmt
 	Trpc1
 	G6pd2
 	Tnpo2
 	2410004I01Rik
 	Cyct
 	Hhat
 	1700019O17Rik
 	Irf8
 	Dnahc17
 	Bace2
 	Rassf3
 	Ncf4
 	Lrrn3
 	Csf1
 	Axin2
 	Arhgap42
 	Gabra6
 	Tram2
 	Gm20758
 	Fbxw4
 	Auts2
 	Gm2381
 	1700066M21Rik
 	Fcf1
 	Slc6a20b
 	Neat1
 	Zfp408
 	Gfra2
 	Phtf2
 	Dpp6
 	Gnai1
 	Fry
 	4930435E12Rik
 	C1ra
 	Gm6994
 	Gm12887
 	Vmn2r2
 	Mep1a
 	Abcc3
 	Tnfrsf10b
 	Amph
 	Oxct2a
 	Gm1821
 	Slc1a6
 	1700096K18Rik
 	Ank
 	1700123O12Rik
 	Zfp933
 	Slc5a3
 	Bre
 	Gprin3
 	Oxsr1
 	Tubb2a-ps2
 	Zfand1
 	Nfatc2
 	Spink2
 	Olfr1245
 	BC005624
 	2810429I04Rik
 	2310044G17Rik
 	Snora81
 	Gm20831
 	Gm4836
 	App
 	Gm8979
 	Mut
 	Olfr1107
 	Zmym6
 	4930447K03Rik
 	4930503B20Rik
 	Osbpl10
 	4933427I22Rik
 	6820431F20Rik
 	4933416E03Rik
 	4930422G04Rik
 	3230401D17Rik
 	BC057022
 	Grlf1
 	Hiatl1
 	4930473A06Rik
 	Stk30
 	BC024479
 	Ccdc79
 	4833413D08Rik
 	Mrp63
 	Tmem111
 	Tmem146
 	D10Jhu81e
 	4933411G11Rik
 	4930547N16Rik
 	Heatr2
 	Accn3
 	Ankrd32
 	Apoa1bp
 	Qtrtd1
 	Ccdc53
 	1500031L02Rik
 	4930455C21Rik
 	2310046O06Rik
 	2610020H08Rik
 	A630007B06Rik
 	Dus2l
 	Ptplad1
 	Bpil2
 	5730494M16Rik
 	Fam33a
 	Prdx6-ps1
 	C030039L03Rik
 	C230052I12Rik
 	Hras1
 	Fert2
 	Scmh1
 	Dlat
 	Gpr107
 	Poldip2
 	Pcbp3
 	Snrnp27
 	Pfdn5
 	Mef2d
 	Itfg2
 	Blvra
 	Psmc3
 	Btbd6
 	Ncstn
 	Brd8
 	Tfam
 	Msh4
 	Pcyt1a
 	Tmod4
 	Ctcf
 	Nr2c2
 	Dnase1
 	Ttc5
 	Acot13
 	Cpt1c
 	Rplp1
 	Pla2g12b
 	Dazl
 	Pdhx
 	Vac14
 	Pgam1
 	Tmem167
 	Zfp715
 	Atad1
 	Surf2
 	Acsf3
 	Hmgb3
 	Mov10l1
 	Egfl8
 	Arnt
 	Tab2
 	Mrps18c
 	Aldoc
 	Rpl19
 	Zc3h18
 	Slc35c2
 	Elmo2
 	Cox7c
 	Rrp7a
 	Med11
 	Plod1
 	Rcn3
 	Rtn4ip1
 	Cdk1
 	Cep290
 	Fgd6
 	Actr2
 	Cnot6
 	Rtn4
 	Rps27a
 	Myo19
 	Pum2
 	Cenpo
 	Pafah1b1
 	Ube2o
 	Rhbdf2
 	Cpd
 	Pfas
 	Dcakd
 	Nmt1
 	Tshr
 	Sec23a
 	Ralgapa1
 	Atl1
 	Tdp1
 	Mlh3
 	Tmem14c
 	Gkap1
 	Agtpbp1
 	Trip13
 	Sdha
 	Xrcc4
 	Gpx8
 	Bmpr1a
 	Dnajc9
 	Mapk8
 	Ptpn20
 	Rai14
 	Brix1
 	Fzd6
 	Mrpl13
 	Nudt16l1
 	Rogdi
 	Scrib
 	Wdr53
 	Zfp148
 	Atp5j
 	Dtwd1
 	Slc17a9
 	Phf10
 	Mrpl14
 	Tcte1
 	Brd4
 	Pja2
 	Dnase1l2
 	Slc39a6
 	Elp2
 	Mrpl27
 	Naa40
 	Kif20b
 	Ighmbp2
 	Banf1
 	Ltbp3
 	Fermt3
 	Shoc2
 	Hells
 	Tctn3
 	Add3
 	Nt5c2
 	Tdrd1
 	3110040N11Rik
 	Btbd1
 	Anapc11
 	Rfng
 	Cwf19l1
 	Clns1a
 	Tubgcp2
 	Rpl14
 	Fastkd2
 	Mdh1b
 	Mitd1
 	Osgepl1
 	Tmem131
 	Stk16
 	Stk25
 	Thap4
 	Ing5
 	Trp53bp2
 	Copa
 	Serpinc1
 	Lrsam1
 	Tor1a
 	Dolpp1
 	Ndufa8
 	March7
 	Nup35
 	Sp3
 	Fbxo3
 	Myef2
 	Lrrc57
 	Zfp106
 	Vps16
 	Cstf1
 	Gnas
 	Tbl1xr1
 	Ndrg3
 	Tti1
 	Slc2a2
 	Ccna1
 	Slc16a4
 	Larp7
 	Pear1
 	Eif4e
 	Lrriq3
 	Tgs1
 	Rars2
 	Slc35a1
 	Smc2
 	Ptgr1
 	Bspry
 	Nol6
 	Creb3
 	St3gal3
 	Tmem59
 	Cyb5rl
 	Mrpl37
 	Ppt1
 	Ebna1bp2
 	Ptp4a2
 	Eya3
 	Errfi1
 	Cort
 	Nmnat1
 	Nadk
 	Slc4a1ap
 	Pgm2
 	Naaa
 	Acad10
 	Brap
 	Vps29
 	Pxmp2
 	Ddx51
 	Aimp2
 	Xpc
 	Cops7a
 	Ccdc77
 	Pik3c2a
 	Sez6l2
 	Pgm2l1
 	Lat
 	Hsd17b14
 	Dctn5
 	Mettl9
 	Eri2
 	Ctbp2
 	Mki67
 	Plp2
 	N4bp1
 	Smad1
 	St3gal2
 	Mau2
 	Atp13a1
 	Adat1
 	Bco2
 	Pts
 	Abcg4
 	Zw10
 	Fbxo22
 	Etfa
 	Xrn1
 	Cck
 	Ccdc88a
 	D430042O09Rik
 	Zswim6
 	Smap2
 	Cdo1
 	1700088E04Rik
 	Slc35d2
 	Ppip5k1
 	Gtf2a2
 	Angptl1
 	Fam20b
 	B3galt2
 	Cdk10
 	Aspm
 	Cpsf1
 	Tulp4
 	Trmt5
 	Morc2a
 	Atp5h
 	Mtrr
 	Ankrd12
 	Larp6
 	Cxcl10
 	Mrpl54
 	Igsf6
 	Ccl5
 	Chrnb4
 	Nup37
 	Pmch
 	Zcchc7
 	Dync1li2
 	Cd276
 	Bbs9
 	Nme5
 	Slain2
 	Gatad2a
 	9530077C05Rik
 	Clcn7
 	Aaas
 	Socs5
 	Ddx1
 	Atp11b
 	Spag1
 	Fbxw17
 	Cntln
 	Ttc39b
 	2410017I17Rik
 	Trpc4ap
 	Ncoa6
 	Mapkap1
 	Nudcd1
 	Ascc3
 	Hils1
 	Adrm1
 	Wdr93
 	Atf7ip2
 	Wdr17
 	Fam149b
 	Ccdc151
 	Ypel5
 	Zfp335
 	Slc7a5
 	Cox15
 	Flywch1
 	Dnm3
 	Cul9
 	Skiv2l
 	Abhd13
 	Pogk
 	Mis12
 	Ppip5k2
 	Spen
 	Tex264
 	Foxa3
 	Ramp3
 	Osgin2
 	Cep78
 	AW549877
 	Ncapg2
 	Csgalnact2
 	Wdr60
 	Uggt2
 	Bag2
 	Stk40
 	Pla2g6
 	Myo15
 	Fam13c
 	B3galnt1
 	Krt13
 	2510039O18Rik
 	Slc38a6
 	Lsm11
 	Pigw
 	Fndc7
 	Ddx28
 	Mrps12
 	Asphd1
 	Csnk2a2
 	Zfp654
 	Fbxw21
 	Sfn
 	Zfp286
 	Atmin
 	Stx19
 	Eno4
 	Ckap2l
 	Ric3
 	Mlec
 	Tbc1d12
 	Cdca2
 	Zfp644
 	Lrrc19
 	Il31ra
 	Hamp
 	2310061I04Rik
 	Plekho2
 	Tmem199
 	Cacna1c
 	Plagl2
 	Cox6b2
 	Spdya
 	Gpr21
 	Tgm5
 	Nudcd3
 	Lgals4
 	Sprr2k
 	Mettl7a1
 	Slc8a1
 	Phxr2
 	Sertad3
 	Cope
 	Prr18
 	R3hdm1
 	Ide
 	Brd9
 	Cryzl1
 	Slc14a1
 	Kbtbd2
 	Trp53
 	Zfp341
 	Zdhhc8
 	Cxcl11
 	Mrps9
 	H2-K1
 	Wdr61
 	Fbxw20
 	Zscan20
 	Rbak
 	Btbd9
 	Timm17a
 	Rpl27
 	Dzip3
 	4931406P16Rik
 	Ttc32
 	Ddrgk1
 	Rap1a
 	Krtap10-4
 	Anp32-ps
 	Sms
 	Ywhaq
 	Aoc2
 	Evi2a
 	Arpc4
 	Itga10
 	9130221H12Rik
 	Snrpe
 	Ccl19
 	Ccl21a
 	D930016D06Rik
 	Cmtm1
 	Gm6607
 	Sept2
 	Chtf8
 	Ostb
 	1700012A16Rik
 	D1Bwg0212e
 	Ccdc56
 	Grinl1a
 	1700040I03Rik
 	BC060267
 	4930511I11Rik
 	Hnrpdl
 	AU019823
 	Efha1
 	Bcmo1
 	Cybasc3
 	BC019943
 	Ufd1l
 	6330577E15Rik
 	1810008A18Rik
 	Ccdc123
 	4930455F23Rik
 	4933411K20Rik
 	1110004E09Rik
 	Naprt1
 	1810026J23Rik
 	Mum1
 	2310003H01Rik
 	1200011M11Rik
 	Sip1
 	Cox4nb
 	Gm166
 	1110008F13Rik
 	1300018I17Rik
 	2310061C15Rik
 	BC046331
 	D2Wsu81e
 	2510006D16Rik
 	Mtap4
 	A230051G13Rik
 	4933439F18Rik
 	Lins
 	Nelf
 	Wdr65
 	Mterfd3
 	2210020M01Rik
 	1700025E21Rik
 	Mett10d
 	Cdh29
 	Gtpbp5
 	2010107E04Rik
 	Dpcd
 	Wdr20b
 	0610007P22Rik
 	A830007P12Rik
 	B3gnt9-ps
 	Ccdc21
 	1110058L19Rik
 	Ppp2r4
 	BC017647
 	A730017C20Rik
 	Epb4.1l5
 	1110034B05Rik
 	Zfp238
 	BC037034
 	Anubl1
 	Tceb3
 	Mkl2
 	Gm711
 	Zfp167
 	1500011H22Rik
 	9430016H08Rik
 	Sepx1
 	L3mbtl
 	BC018465
 	Gpr172b
 	Lyrm5
 	4930583H14Rik
 	Cdc45
 	Scml2
 	Tbx4
 	Tom1l2
 	Nsun5
 	Cnnm3
 	Lman2l
 	Agpat3
 	Sync
 	Fbxo9
 	Foxm1
 	Gstt3
 	Folh1
 	Zdhhc4
 	Npas1
 	Spag5
 	Slc39a13
 	Clgn
 	Dbf4
 	Gmpr2
 	Tmem161a
 	Gnmt
 	Top3a
 	Tpra1
 	Arrdc2
 	Pnkp
 	Slc2a3
 	Irf3
 	Grk5
 	Etv3
 	Timm50
 	Snrnp200
 	Fam162a
 	Rpl8
 	Gstm5
 	Lbr
 	Apba3
 	Sgsh
 	Plekha8
 	Zfp287
 	Bcas2
 	Pard6a
 	Reep5
 	Ergic3
 	Smpd4
 	Trap1
 	Tbcb
 	Inpp5k
 	Crkl
 	Tfpt
 	Rnf114
 	Ndor1
 	Cyba
 	Gtf2h1
 	Cnp
 	Bcl2l1
 	Cct4
 	Rhoa
 	Aldh16a1
 	Prpf31
 	Cabp7
 	2610028H24Rik
 	Kcnq1
 	Ppp2cb
 	Ick
 	Slc3a2
 	Nxf1
 	Raver1
 	Pabpc4
 	Sugp1
 	Podnl1
 	Sh3bp5l
 	Tsg101
 	Tex261
 	Fam120b
 	Pdcd2
 	Tppp3
 	Surf4
 	Zdhhc12
 	Golga7
 	Zfp318
 	Actr8
 	Col20a1
 	Wt1
 	Foxred2
 	Traf4
 	Zfp207
 	Pgs1
 	Dbndd2
 	Ctsa
 	Slc12a4
 	Derl2
 	Crhr1
 	Dync1h1
 	Smyd4
 	Irf1
 	Hars2
 	Styxl1
 	Mdh2
 	H13
 	Polr2i
 	Katna1
 	Aifm2
 	Gamt
 	Cnot2
 	Mknk2
 	Prmt2
 	Txnrd1
 	Hint1
 	Polrmt
 	Acsl6
 	Mapk9
 	Cdkl3
 	2810021J22Rik
 	Tubd1
 	Mfap3
 	Sntg2
 	Cacng1
 	Mif4gd
 	Nme2
 	Slc35b1
 	Tmem101
 	Fkbp3
 	Zc3h14
 	Polr2h
 	Atp6v1d
 	Erh
 	Gtpbp4
 	Net1
 	Papln
 	Aldh6a1
 	Vsx2
 	Wars
 	Cinp
 	Aspn
 	Rasa1
 	Ccdc127
 	Tert
 	Ppwd1
 	Srek1ip1
 	4930452B06Rik
 	Anxa7
 	Sh3bp5
 	Dph3
 	Dnajc15
 	Mtrf1
 	Esco2
 	Adam2
 	Pebp4
 	Ttc33
 	Gtse1
 	Smc1b
 	Xrcc6
 	Anks3
 	Glyr1
 	Arc
 	Cep97
 	Pdxdc1
 	Mrpl40
 	Snap29
 	Ypel1
 	Nr1i2
 	Eaf2
 	Ece2
 	Rfc4
 	Gpd1
 	Denr
 	Slc38a1
 	Serping1
 	Cdca3
 	Igf2r
 	Rsph9
 	Crip3
 	Glp1r
 	Wdr4
 	Ralbp1
 	Prepl
 	Phf1
 	Zfp523
 	Slc23a1
 	Cyp21a1
 	Ik
 	Napg
 	Rbm22
 	Tmem216
 	Cd6
 	Gpha2
 	Zfpl1
 	Tm7sf2
 	Uhrf2
 	Sf3b2
 	Pold4
 	Rab1b
 	Minpp1
 	Rela
 	Men1
 	Rcor2
 	Pdcd4
 	Ccnj
 	Vwa2
 	Ablim1
 	Mrpl43
 	Sat1
 	Adam8
 	Eps8l2
 	Crcp
 	Col7a1
 	Nmb
 	Slc25a10
 	Fam20c
 	Rb1cc1
 	Sgk3
 	Carf
 	Trak2
 	Mrpl30
 	Rnf25
 	Plcd4
 	Ecel1
 	Capn10
 	Gpr35
 	Gin1
 	Ptpn4
 	Ddx59
 	Eif2d
 	Nfasc
 	Rgl1
 	Nvl
 	Nme7
 	Blzf1
 	Iars2
 	Dars2
 	Coq4
 	Ttf1
 	Eng
 	Cel
 	Fubp3
 	Stom
 	Pmpca
 	1700019N19Rik
 	Traf2
 	Cybrd1
 	Fgf7
 	Nusap1
 	Fsip1
 	Mcm8
 	Rab22a
 	Psma7
 	Arfgap1
 	Mtfr1
 	Rbl1
 	Fam83d
 	Sec62
 	Acad9
 	Exosc9
 	Extl2
 	Lamtor2
 	Pmf1
 	Cryz
 	Fktn
 	Spink4
 	Vcp
 	Gba2
 	Rnf11
 	Txndc12
 	Tnfrsf1b
 	Dyrk2
 	Ephb2
 	Pnrc2
 	Prdx1
 	Lrrc41
 	Yars
 	Ncdn
 	Trim63
 	Gpn2
 	Trnau1ap
 	Prkag2
 	Zbtb48
 	Mfn2
 	Dffb
 	Lrrc47
 	Rer1
 	Mib2
 	Tas1r3
 	Htt
 	Klf3
 	Rfc1
 	Chic2
 	Tmem165
 	Clock
 	Enoph1
 	Tfip11
 	Cxcl9
 	Gpc2
 	Ube3b
 	Zkscan14
 	Glcci1
 	Usp12
 	N4bp2l2
 	Cul1
 	Cux1
 	Ccdc136
 	Cct7
 	Fbxl14
 	Pole4
 	Ruvbl1
 	Ttll3
 	Creld1
 	Ergic2
 	Mbd4
 	Rad51ap1
 	Cyfip1
 	Gas2
 	Pex11a
 	Synm
 	Aen
 	Sh2b1
 	Rnf40
 	Plk1
 	Stim1
 	Smarca1
 	Cul4a
 	Ido1
 	Adam3
 	Mak16
 	Orc6
 	Itfg1
 	Tmem38a
 	Pgls
 	Lsm4
 	Vps4a
 	Rpusd4
 	Pou2af1
 	Ddx6
 	Hinfp
 	Slc37a2
 	Hmbs
 	Yipf2
 	Dock6
 	Rab27a
 	Aqp9
 	Fem1b
 	Kif23
 	Stra6
 	Hmg20a
 	Dpp8
 	Dhx30
 	Kif9
 	Pdcd6ip
 	Wdr48
 	Gorasp1
 	Lyzl4
 	Pik3r4
 	Ip6k2
 	A930018P22Rik
 	Nlrp3
 	Ablim3
 	Ucp3
 	Senp1
 	Stk36
 	Trim69
 	Eri3
 	Foxh1
 	Gde1
 	Vhl
 	Pds5b
 	Ano7
 	Zbbx
 	Vps18
 	Slc38a8
 	Rhov
 	Ube2f
 	Mtmr3
 	Tbc1d10a
 	Scara3
 	Tiparp
 	Itga2b
 	Glis1
 	Fam151a
 	Sidt2
 	Xkr6
 	Spcs2
 	Gnptg
 	Iqcg
 	Cnot3
 	Fbxo45
 	Dennd5a
 	Metap2
 	Rfxank
 	Tm6sf2
 	Gmip
 	Cep135
 	Elf1
 	Rbm42
 	Ssx2ip
 	Phkb
 	Hook3
 	Aagab
 	Paqr7
 	Letmd1
 	Pafah2
 	Ctbp1
 	Ints7
 	Fbxo34
 	Wdhd1
 	Kcnh3
 	Gpr160
 	Dzip1l
 	Bicd2
 	Chchd5
 	Ccdc92
 	Acd
 	Dbil5
 	Fkbp14
 	Phf20
 	Slc43a2
 	Sema7a
 	Pdzk1
 	Sbf2
 	Rras
 	Osbpl7
 	Reep2
 	Ift172
 	Rad9b
 	Akap12
 	Samd10
 	Arfrp1
 	Mboat1
 	Man2a2
 	Prc1
 	Eme1
 	Mycbpap
 	Ube2h
 	Il18
 	Icmt
 	Slx4
 	Slc26a11
 	Timeless
 	Ttc12
 	Cchcr1
 	Pitpnm3
 	Pck2
 	Agmat
 	Hesx1
 	Bsdc1
 	S100pbp
 	Trim62
 	Zmiz2
 	Ssr2
 	Pi4ka
 	Tmem45b
 	Ptpre
 	Tcf20
 	Pelo
 	Snx18
 	Rbm45
 	Crtac1
 	Atf4
 	Reln
 	Zfp410
 	Sin3a
 	Pbxip1
 	Oscp1
 	Atpaf2
 	Trim72
 	Tmem11
 	Tril
 	Kbtbd7
 	Olfr544
 	Zrsr1
 	Marveld1
 	Prss42
 	Serpinb1a
 	4930503L19Rik
 	2410002F23Rik
 	B230219D22Rik
 	Zfp830
 	Pofut1
 	Tmem229b
 	Kcnrg
 	Ttc39d
 	Fam178b
 	4930430F08Rik
 	Mrps7
 	Slc39a3
 	Csl
 	Pla2g4f
 	Dnajb7
 	Neurl3
 	Samd14
 	Tyw3
 	Sned1
 	Ccr4
 	4930483J18Rik
 	Ino80c
 	Catsper4
 	Gng7
 	Pskh1
 	Mfsd6l
 	Zfp689
 	Tada3
 	Mrgpre
 	C1galt1c1
 	Sephs2
 	Ccdc69
 	Orai1
 	Trex1
 	Nudt6
 	Eif5a2
 	Lgsn
 	Gpr18
 	Tcf19
 	Fam118b
 	Zfp61
 	Emilin3
 	Zfp46
 	Ccdc157
 	Tbc1d22a
 	Magi3
 	Yap1
 	Hhipl2
 	Tg
 	Grwd1
 	Zfp14
 	Slc25a40
 	Skp2
 	Tprkb
 	Aes
 	Mgmt
 	Abca15
 	Klhl18
 	Klf2
 	Klhl25
 	Mettl4
 	Zkscan5
 	1700001K19Rik
 	Rlim
 	Ier5
 	Sipa1
 	Slc44a2
 	Arl16
 	Cyb5d2
 	Ddx49
 	Eif4b
 	Nap1l1
 	Deaf1
 	Tonsl
 	Rpl3
 	Cxcl17
 	Bckdha
 	Dnajc30
 	Ddhd2
 	Nsl1
 	Lrrc40
 	Numbl
 	Pstk
 	Slc22a21
 	Uqcrh
 	Prpf4
 	Tecpr1
 	Rps28
 	Lyar
 	Ankrd23
 	Mei1
 	Chrac1
 	Celsr2
 	Dazap1
 	Wfdc8
 	Yipf3
 	Bscl2
 	Psmb11
 	C4b
 	Rhog
 	Tspyl3
 	Itpa
 	Ccdc58
 	Fnbp1
 	Ass1
 	Smarcd2
 	Cntd1
 	Rad54b
 	Phyhd1
 	Nlrp4g
 	Ccnd3-ps
 	Lin52
 	Uckl1
 	Galnt4
 	Lime1
 	Synj2bp
 	Mettl11a
 	OTTMUSG00000019001
 	Dub2a
 	Ccdc23
 	2310008H04Rik
 	Mrpl2
 	Pafah1b2
 	Clic3
 	Gtf2ird2
 	Sec14l4
 	Adcy6
 	Racgap1
 	Pga5
 	Dnajc14
 	Rbck1
 	Tmem54
 	1700003E16Rik
 	Chrdl2
 	Trak1
 	Ctdp1
 	Akr1c14
 	Vasn
 	1700001O22Rik
 	Gprc5a
 	Nr1h5
 	Macrod2
 	Rpl39
 	Cyp2d34


Hepatocyte; Oocyte; Spermatocyte	 
 	Ubc
 	Tex11
 	Msh3
 	Ubb
 	Cit


Oocyte; Spermatocyte	 
 	Hspa8
 	Esr1
 	Dctn1
 	Mas1
 	Tfdp2
 	Bmp7
 	Igf1r
 	Ppp3cb
 	Eif2ak2
 	Tex12
 	Acsl3
 	E2f8


Hepatocyte	 
 	Hrsp12
 	Gm13242
 	BC051628
 	Ccdc45
 	Lect1
 	5133401N09Rik
 	1190005F20Rik
 	Fam59b
 	2810046L04Rik
 	5730437N04Rik
 	Gbas
 	Lrrc16a
 	5730419I09Rik
 	Mtl5
 	4930444A02Rik
 	Cno
 	Nhp2l1
 	A2ld1
 	Fam125a
 	Epb4.1
 	Micalcl
 	2410066E13Rik
 	Mterf
 	2310028O11Rik
 	Ppapdc2
 	Cpsf3l
 	2610528E23Rik
 	BC017643
 	1500003O03Rik
 	Sfrs5
 	0610009D07Rik
 	2410127L17Rik
 	C030048B08Rik
 	Lass5
 	Tmem55a
 	4832428D23Rik
 	5830415F09Rik
 	0610007C21Rik
 	2610034M16Rik
 	Es31
 	Myst2
 	1810014F10Rik
 	1700029F09Rik
 	V1ri6
 	Akr1a4
 	Abpg
 	4930408F14Rik
 	1700042B14Rik
 	BC055004
 	Ctage5
 	Rnmtl1
 	Dem1
 	D230037D09Rik
 	Gm5635
 	Olfr1273
 	1700007K09Rik
 	ORF19
 	Chi3l4
 	D330012F22Rik
 	5730494N06Rik
 	Klraq1
 	Clca4
 	Dos
 	5730469M10Rik
 	Tmem2
 	2310003F16Rik
 	Wisp2
 	Obfc1
 	Cnih
 	AI846148
 	D0H4S114
 	1110005A03Rik
 	D19Bwg1357e
 	Amica1
 	Gm4738
 	Fgf23
 	Tpd52l1
 	Dazap2
 	Tbrg4
 	Myo18a
 	Cryba1
 	Icosl
 	Rpl13
 	Ddx3x
 	Gnb1l
 	Mrpl10
 	Cyp51
 	Ell2
 	Tnk1
 	Pdzd4
 	Bcap31
 	Cd320
 	Rec8
 	Irf9
 	Armc6
 	Tiam1
 	Mea1
 	Timm44
 	Hmgn2
 	Tbc1d8
 	Crtc1
 	Rnf215
 	Crot
 	Kpna6
 	Calr
 	Syce2
 	Ppp1cc
 	Dnajb11
 	Tbccd1
 	Zfp324
 	Arhgef18
 	Mtfp1
 	Ulk2
 	Hspb1
 	Pex5
 	Slc2a9
 	Spc25
 	Fgfr4
 	Hmox1
 	Kbtbd4
 	Ndufs3
 	Insr
 	Adcy9
 	Eif4g2
 	Nr1i3
 	Pan2
 	Psmb4
 	Metap1
 	Rsl1d1
 	Atp5g1
 	Ccdc159
 	Aamp
 	Rps9
 	Crip2
 	Srm
 	Itih3
 	Abhd1
 	Slc5a6
 	Tspan31
 	Abhd16a
 	Id3
 	Phax
 	Cdk9
 	Aldh3a2
 	Psen2
 	Acaa1b
 	Phlda2
 	Fuz
 	Ccnt1
 	Card14
 	Ehmt2
 	Nit1
 	Pkd2l2
 	Psmb1
 	Dnajb9
 	Galns
 	Hnrnpl
 	Cd48
 	Ace2
 	Psma2
 	Atp5e
 	Cmah
 	Kctd2
 	Nek8
 	Suz12
 	Ksr1
 	Myo1b
 	Rpain
 	Appbp2
 	Trpv2
 	Trim37
 	Sparc
 	Copz2
 	Pex12
 	Rars
 	Nars2
 	Rab3d
 	Rnf145
 	Grb7
 	Rab4a
 	Hint3
 	Smpd2
 	Fabp7
 	Pah
 	Supv3l1
 	Slc1a4
 	Gabrp
 	Rab36
 	Slc5a4b
 	Slc5a4a
 	Tcn2
 	Mrpl22
 	Drg2
 	Sdc1
 	Gna13
 	Cbll1
 	Ddx52
 	Mmp28
 	Mettl2
 	Ddx5
 	Slc25a19
 	Recql5
 	Sap30bp
 	Unk
 	1810032O08Rik
 	Mink1
 	Slc46a1
 	Prpf8
 	Dvl2
 	Scfd1
 	Ppp2r3c
 	Fam161b
 	Eif5
 	Slc17a1
 	Gcnt2
 	Nol8
 	Auh
 	Lman2
 	Cast
 	Gtf2h2
 	Mccc2
 	Poc5
 	F2rl2
 	Trim23
 	Pdhb
 	Ap3m1
 	Hacl1
 	Mettl6
 	Glt8d1
 	Spcs1
 	Zdhhc20
 	Mtmr6
 	Tnfsf11
 	Pibf1
 	Pdlim2
 	Myh9
 	Slc38a4
 	Ercc4
 	Mapk8ip2
 	Tagln3
 	Cd200
 	Atg3
 	Klhl22
 	Ncbp2
 	Fstl1
 	Hcls1
 	Kng1
 	Mrpl39
 	Parp9
 	Gart
 	Ifnar2
 	Sod1
 	4930415O20Rik
 	Lima1
 	Igfbp6
 	Akirin1
 	Wrb
 	Ivns1abp
 	Il15ra
 	Gabrr2
 	Poc1a
 	Tmem176a
 	Pisd
 	Iqcf3
 	Mrps23
 	Cenpq
 	Ptk7
 	Guca1b
 	Telo2
 	Nudt3
 	Thumpd2
 	Zfp397
 	Adamts10
 	Brd2
 	Etf1
 	Atat1
 	Slc4a9
 	Psmg2
 	Mrpl16
 	Atg2a
 	Rnaseh2c
 	Kcnk7
 	Sf1
 	Sorbs1
 	Lcor
 	Pcgf6
 	Gsto2
 	Pnliprp2
 	Fgf8
 	Huwe1
 	Polr3a
 	Rps24
 	Mettl7b
 	Pa2g4
 	Il23a
 	Atp5b
 	Hsd17b6
 	Mbd6
 	Hdhd2
 	Paox
 	Irf7
 	Tk1
 	Eif4a3
 	Rptor
 	Dhtkd1
 	Zfp282
 	Xiap
 	Nop16
 	Il17a
 	Gsta3
 	Sf3b1
 	Cflar
 	Clk1
 	Ormdl1
 	Inpp4a
 	Ptpn18
 	Atic
 	Ngef
 	Rgs1
 	Nek7
 	Pfkfb2
 	Pigr
 	Tor1aip1
 	Acbd3
 	Scyl3
 	Ppp2r5a
 	Plxna2
 	Fam107b
 	Uap1
 	Enkur
 	Fmo4
 	Mastl
 	Abl1
 	Hc
 	Ifih1
 	Brd3
 	Grin1
 	Arl6ip6
 	Dnajc10
 	Med19
 	Fastkd1
 	Hipk3
 	Frmd5
 	Pdia3
 	Ubr1
 	Itpka
 	4930402H24Rik
 	Ppp1r14d
 	Slc23a2
 	Pcna
 	Usp50
 	Polr1b
 	Sec23b
 	Nsfl1c
 	Atp9a
 	Lrrcc1
 	Mfn1
 	Actl6a
 	Nceh1
 	Kpna4
 	Ccnl1
 	Sike1
 	Gpsm2
 	Clcc1
 	Tpm3
 	4933434E20Rik
 	Pla2g12a
 	Rrh
 	Aimp1
 	Cd1d1
 	Sh3d19
 	Mettl14
 	Mttp
 	Bdh2
 	Cth
 	Ndufaf4
 	Rngtt
 	Slc44a1
 	Dcaf12
 	Ubap1
 	Nudt2
 	Rps6
 	Slc35d1
 	Usp1
 	Fggy
 	Scp2
 	Srsf10
 	Nsun4
 	Mknk1
 	Zfp593
 	Slc9a1
 	Inpp5b
 	Rcc1
 	Gmeb1
 	Sf3a3
 	Pgd
 	Dffa
 	Masp2
 	Htra3
 	Nrbp1
 	Cgref1
 	Tbc1d14
 	Tec
 	Paics
 	Cenpc1
 	Areg
 	Sdad1
 	Rsrc2
 	Scarb2
 	Vps33a
 	Pde6b
 	Bcl7b
 	Fscn3
 	Pon3
 	Fkbp9
 	Rab19
 	Lrig1
 	Gkn2
 	Sec61a1
 	Slc41a3
 	Slco1a4
 	Sspn
 	Necap1
 	Ltbr
 	Siglecg
 	Csrp3
 	Lypd5
 	Apba2
 	Arl6ip1
 	Cdipt
 	Pak1
 	Fam24a
 	Ilk
 	Hpx
 	St5
 	Cdk16
 	Cul4b
 	Pqbp1
 	Dynlt3
 	Fgf16
 	Cstf2
 	Nono
 	Itgb1bp2
 	Msl3
 	Abcd1
 	Morf4l2
 	Adprhl1
 	Vps36
 	Tm2d2
 	Slc7a2
 	Sorbs2
 	Cbr4
 	Amfr
 	Pde4c
 	Cdh5
 	Cog8
 	Cep57
 	Mre11a
 	Ldhd
 	Rexo2
 	Tirap
 	Dixdc1
 	Cgnl1
 	Elovl4
 	Neil1
 	Gsta4
 	Hcrtr2
 	Nt5e
 	Mras
 	Nme6
 	Mlh1
 	Rpsa
 	Pccb
 	Uba5
 	Nckipsd
 	1700102P08Rik
 	Eml4
 	Flcn
 	Atxn2l
 	Eif3l
 	Phldb2
 	Atp1a1
 	Wnt6
 	Lpp
 	Nudt15
 	Ctdspl2
 	Crygs
 	Pcgf3
 	Fuk
 	Rbm4b
 	Fgg
 	Cct2
 	Ctnnd1
 	Ino80
 	Thoc5
 	Parp14
 	Ptpn13
 	Rnps1
 	Nlrp4c
 	Cog3
 	Ncapd3
 	Creb3l3
 	Wnk4
 	Secisbp2
 	Eif2s3x
 	Ap2b1
 	Dcaf10
 	Dagla
 	Ugt2b35
 	Fbxw2
 	Parp2
 	Sigmar1
 	Znrd1
 	Gpi1
 	Slc38a7
 	Rfxap
 	Cuedc2
 	Amdhd2
 	Topors
 	Kdm1a
 	Taf6
 	Zfp113
 	Matr3
 	Itih2
 	Hgsnat
 	Mavs
 	Mrpl47
 	Nme1
 	Fermt2
 	Bri3bp
 	Chpf2
 	Ncapd2
 	Bcl9
 	Ostm1
 	Rbm8a
 	Setd1b
 	Catsper1
 	Parp12
 	Car14
 	C1rl
 	Tmc3
 	Pcid2
 	Mcl1
 	Polr3k
 	Atp5l
 	Abcf1
 	Nipal2
 	Ctu1
 	Rccd1
 	Mtg1
 	Echdc3
 	Psmd7
 	Camk1d
 	Sart1
 	Ppp1r10
 	D1Pas1
 	Fn3krp
 	Pomt1
 	Nup133
 	Zfp189
 	Baat
 	Zmynd8
 	Zer1
 	Ncoa7
 	Alg2
 	Tmem120a
 	Stat2
 	Zmym5
 	Scamp2
 	Fgfr1op2
 	Trim41
 	Slc25a28
 	Plekha4
 	Pitpnc1
 	1110051M20Rik
 	Nlrp4a
 	Apobec1
 	Nup88
 	Madd
 	Creg1
 	Cept1
 	1700123O20Rik
 	Asgr2
 	Zfp598
 	Chd7
 	Mup4
 	Tardbp
 	Upk2
 	Serpina3a
 	Bivm
 	Cox6a1
 	Mapk1ip1
 	Cir1
 	Abca9
 	Poldip3
 	Abca8a
 	Zfp239
 	Dmgdh
 	Bhmt2
 	Gm5617
 	Tmem183a
 	Ikbke
 	Rbm7
 	Dctpp1
 	Mier2
 	Hirip3
 	Dcst1
 	Hebp1
 	Gpx2
 	Mcts2
 	Nhlrc3
 	Gng2
 	Edem3
 	Ccdc63
 	Tmem18
 	Pld6
 	B430306N03Rik
 	Mrpl50
 	Ptx4
 	Osbpl1a
 	Dsg2
 	Pfn3
 	Dock5
 	Acp1
 	Csrnp2
 	Tmem201
 	Abca6
 	Cxcr4
 	Akr1e1
 	Pid1
 	Pnoc
 	Tssc4
 	Serpinb9
 	Hdgfl1
 	Sbsn
 	Hnrnpa1
 	Prr12
 	Ttc34
 	Bst2
 	Epm2aip1
 	Zfp740
 	C2cd3
 	Olfr370
 	Zfp30
 	BC049715
 	Lxn
 	Nr1h4
 	Ankrd16
 	Arf1
 	Arid4a
 	Bend7
 	Frmd6
 	Cxcr1
 	Speer4b
 	Cdk5r1
 	Fkrp
 	Mblac1
 	Dtx3l
 	Catsperg1
 	Zfp646
 	Etos1
 	Scd4
 	Il17d
 	Mrgprg
 	Nsun3
 	Fbxl22
 	Tor1aip2
 	Mmp13
 	Olfr215
 	Ankrd37
 	Zfp366
 	Eml5
 	Nup160
 	Krt9
 	Adam6b
 	Nanos2
 	Dock8
 	Rgs14
 	Acot4
 	B4galt3
 	Bpi
 	Krcc1
 	Rnf26
 	Cib4
 	Pom121
 	Sec61b
 	Iigp1
 	Capn12
 	Slc30a7
 	Ugt1a6a
 	Oscar
 	1600014C10Rik
 	Set
 	Smyd3
 	Rab39
 	Olfr354
 	Adh7
 	Pprc1
 	Eef1d
 	Cd248
 	Hmga2
 	Jmjd6
 	Gjc3
 	Ces1d
 	Inca1
 	Uxs1
 	Birc2
 	Zbtb8os
 	Gapdh
 	Mrps14
 	Txndc9
 	Dhcr7
 	Fam133b
 	Mup5
 	Slc10a5
 	Hnrnpa3
 	Actg2
 	Plac8l1
 	Nsmce2
 	Fdps
 	Mug1
 	Olfr60
 	Tpt1
 	Slc35e3
 	Rnf14
 	Kng2
 	Cyp2c70
 	Rpl26
 	Zfp143
 	Gapdhs
 	Phf5a
 	Fiz1
 	Sec22c
 	Dot1l
 	Serpina10
 	Rpl34
 	Pgk1
 	Trim54
 	Morf4l1
 	Bbs5
 	Slc39a4
 	Nmral1
 	Klhdc3
 	Krt73
 	Nupl1
 	Dppa1
 	Gpbar1
 	Cyp4a10
 	Rdh11
 	Wdr35
 	B3galt4
 	Krt77
 	Lpar5
 	Cyp2d9
 	Vmn1r43
 	Gm5800
 	Cd59b
 	Gm128
 	Msto1
 	Slc25a31
 	Krtap12-1
 	Fbp1
 	Rnf121
 	Serpina1d
 	Gm10319
 	Rpl23
 	Mta2
 	B3gat3
 	Ubxn1
 	Hnrnpul2
 	Ttc9c
 	Polr2g
 	Snx29
 	Ppia
 	Ccnf
 	Gm10439
 	Vamp5
 	Cyp4f15
 	Sh2d1b2
 	Rpl31
 	Lmbrd1
 	Krtap5-5
 	Saa1
 	Ap1ar
 	Cib3
 	Ehd2
 	Mageb3
 	Cyp2c68
 	Amd1
 	Heg1
 	Bnip3
 	E430018J23Rik
 	AU022252
 	Cyp4a12b
 	Fam174b
 	Mup20
 	Mup1
 	Mup2
 	Igtp
 	Gm14326
 	Gm6710
 	Sec61g
 	Serpina1c
 	4930402F06Rik
 	Tnfsf13
 	Ugt1a7c
 	Ugt1a10
 	Tnnc1
 	Higd1c
 	MGC107098
 	Rbm4
 	Rhox3f
 	Syne1
 	Olfr312
 	Zfp87
 	Zfp82
 	Rpl24
 	Gm10925
 	BC002189
 	Gtf3c2
 	0610012G03Rik
 	Olfr1134
 	Pbld1
 	Gpr44
 	Wbscr27
 	2010012O05Rik
 	2810422J05Rik
 	Obfc2a
 	2700078K21Rik
 	Sfpi1
 	Fam70a
 	Fam188b
 	Shfm1
 	D4Ertd22e
 	Fam26f
 	Tmem48
 	2310001A20Rik
 	Ren2
 	2610109H07Rik
 	1700029G01Rik
 	Sykb
 	2700078E11Rik
 	Gmcl1l
 	Plac9
 	Fam113b
 	Ccbp2
 	AI597468
 	5033411D12Rik
 	Fam175a
 	Mett5d1
 	2810432L12Rik
 	2010110P09Rik
 	2410075B13Rik
 	9030625A04Rik
 	2700029M09Rik
 	Ccdc64b
 	Fam40a
 	Fam125b
 	Emid2
 	Ccdc135
 	6530401N04Rik
 	Cxx1b
 	AA881470
 	4930432K09Rik
 	Igj
 	Ccdc101
 	Bglap1
 	Magea9
 	Niacr1
 	Cbara1
 	6330409N04Rik
 	Itgb1bp3
 	Pemt
 	Egfl6
 	Kat2b
 	Ift20
 	Uxt
 	Col18a1
 	Tmem39a
 	Il17ra
 	Cdk12
 	Mpnd
 	Car11
 	Ddx23
 	Prodh
 	Ciao1
 	Dnase2a
 	Akt2
 	Kifc2
 	Polr2e
 	Rab23
 	Slc1a2
 	Ndrg1
 	Corin
 	Pafah1b3
 	Mthfd2
 	Rfx5
 	Tuft1
 	Lsm2
 	Stx1a
 	Fance
 	Sertad1
 	Rpl10
 	Fpgs
 	Sardh
 	Rnf112
 	Mrpl52
 	Faf1
 	Bcas1
 	Wdfy2
 	Lrrk1
 	Actn1
 	Slamf1
 	Lpl
 	Abo
 	Il19
 	Dyrk3
 	Pacsin2
 	Plcg1
 	Igfbp4
 	Afmid
 	Eya2
 	2810408A11Rik
 	Sult4a1
 	Ccdc12
 	Hey2
 	Fyn
 	Slc5a8
 	Tacr2
 	Slc29a3
 	Usp15
 	Lgr5
 	Mdm1
 	Nprl3
 	4930524B15Rik
 	Nudcd2
 	Hmmr
 	Zfp354b
 	Vdac1
 	Eif4enif1
 	Trim11
 	Myl7
 	Prkar1a
 	Dnmt3a
 	Gh
 	Sumo2
 	Ube2g1
 	Slc6a4
 	Asgr1
 	Vamp2
 	Rcvrn
 	Lyzl6
 	Sptlc2
 	Rtn1
 	Akr1c12
 	Prl7b1
 	Cap2
 	Dek
 	Spin1
 	4933417A18Rik
 	Cts7
 	Gadd45g
 	Ror2
 	Caml
 	Slc25a48
 	Slc6a19
 	Htr1a
 	Vcl
 	Lcp1
 	Tdrd3
 	Wbp4
 	Slc39a14
 	Dok2
 	Efs
 	Cpne6
 	Skor1
 	Mtdh
 	Eif3h
 	Fam83f
 	Csnk1e
 	Srl
 	Tmem44
 	Cyp11b2
 	Miox
 	Retnlb
 	Gsk3b
 	Senp2
 	Dgkg
 	Cxadr
 	Faim2
 	Mospd1
 	Kcnk5
 	Bmp15
 	Esx1
 	Akap8
 	Twsg1
 	Slc3a1
 	Rhoq
 	Tnf
 	Gnal
 	Cxxc1
 	Atp9b
 	Gna14
 	Rcl1
 	Pola2
 	Slc29a2
 	Drap1
 	Nr0b1
 	Pitx3
 	Prdx4
 	Padi4
 	Ttc4
 	Katnal2
 	Msx3
 	Slc15a1
 	Inpp1
 	Cfc1
 	Dnpep
 	Bok
 	Ccnt2
 	Lct
 	Apcs
 	Selp
 	Tmem206
 	Sephs1
 	Nr4a2
 	Tor1b
 	Kynu
 	Slc25a12
 	Dync1i2
 	Smtnl1
 	Clp1
 	Kif18a
 	Caprin1
 	Trim44
 	Meis2
 	Lrp4
 	Hao1
 	Spred1
 	Pdcd10
 	Ddx20
 	Pitx2
 	Ptbp2
 	Rap1gds1
 	Trp53inp1
 	Col15a1
 	Cntfr
 	Tesk1
 	Cd72
 	Car9
 	Bnc2
 	Slc6a9
 	Extl1
 	Cdk5
 	Mtor
 	Agtrap
 	Prkcz
 	Gabrd
 	Cwh43
 	Sepsecs
 	Prkg2
 	Nos1
 	Tmed2
 	Diablo
 	Bcl7a
 	Erp29
 	Rasl11a
 	Actl6b
 	Tra2a
 	Luc7l2
 	Cnbp
 	Wnt7a
 	Edem1
 	Mfap5
 	Bms1
 	Adipor2
 	Atf7ip
 	Strap
 	Rad18
 	Cidec
 	Zdhhc13
 	Crtc3
 	Sytl2
 	Eed
 	Il21r
 	Slc5a11
 	Slc5a2
 	Cox6a2
 	Tacc2
 	Mrpl17
 	Gpc4
 	Was
 	Magee1
 	Btk
 	Dcx
 	Rs1
 	Zmym3
 	Naa10
 	Angpt2
 	Lrp2bp
 	Gpt2
 	Ap1g1
 	Mt3
 	Nudt7
 	Ntpcr
 	Ces2g
 	Gabarapl2
 	Barx2
 	Alg9
 	Cd3d
 	Nnmt
 	Cyp1a2
 	Fbxl2
 	1110059G10Rik
 	Tpcn1
 	Chrm1
 	Lrig2
 	Shf
 	Igf2bp2
 	Pdpr
 	1300017J02Rik
 	Spr
 	Asb13
 	Kcnk10
 	Ypel4
 	Atm
 	Cpne2
 	Rsrc1
 	Bmp2k
 	Fam171a2
 	Nostrin
 	Tle2
 	Dio1
 	Wdr78
 	Uvrag
 	Tmem98
 	Fam170a
 	Tgfbi
 	Ggta1
 	Krt25
 	9530068E07Rik
 	Slc18a1
 	Wtip
 	Ndrg4
 	Upf3b
 	Chst12
 	Elac1
 	Ss18
 	Zfp146
 	Kdm6a
 	Cnnm4
 	Uggt1
 	Cib2
 	Prss40
 	H2-DMb2
 	Gdf7
 	Cd81
 	Sirpa
 	Ndufv1
 	Smarce1
 	Nod1
 	Ormdl3
 	Serpinf2
 	Uqcrfs1
 	Atp6v0a4
 	Rnh1
 	Rps21
 	Chad
 	En2
 	Npepl1
 	Foxp3
 	4921524L21Rik
 	Bahcc1
 	Slc44a3
 	Dtx4
 	Cbx4
 	Pfpl
 	Gorab
 	Maob
 	Ankrd6
 	Alx4
 	Wdr47
 	Havcr1
 	Adam22
 	Gemin8
 	Il17rd
 	Slc22a2
 	Lrit1
 	B4galnt3
 	Hspb8
 	Klf8
 	Lman1
 	Tnfrsf18
 	Kdm5b
 	Crybb2
 	Leo1
 	Id1
 	Gprasp1
 	Lgals2
 	Clrn1
 	Thrap3
 	Spink10
 	Zfp879
 	Snhg11
 	Ankrd45
 	Aqp12
 	St7l
 	Pqlc3
 	Wnk1
 	4930451I11Rik
 	She
 	Zfp322a
 	Camk2n1
 	Vwa5b2
 	Cxxc5
 	Mbtps2
 	Spsb4
 	Pbp2
 	Lancl3
 	Tmem41b
 	Bola2
 	Sox1ot
 	Timm8a1
 	Dnajb8
 	Scrt1
 	Fam171b
 	Cyp4f16
 	Phldb1
 	Igf2
 	Themis
 	Tmem202
 	Nkx3-2
 	Tmem17
 	Fhl4
 	Snx21
 	Tnfsf15
 	Trim15
 	Nhlh1
 	Jagn1
 	Kctd14
 	Iqcj
 	Casr
 	D630039A03Rik
 	Tmem106c
 	Tmco1
 	Atp6v1a
 	Hist1h1d
 	Rnf103
 	Socs3
 	Ptprt
 	Sh3pxd2a
 	Aldh7a1
 	Exoc6
 	Cyhr1
 	Cadps
 	Lrrc8c
 	Smyd1
 	Kcmf1
 	Olfr1350
 	Setd3
 	Mab21l1
 	Yipf1
 	Cts8
 	Lepr
 	Olfr541
 	Qrfpr
 	Cela2a
 	Thra
 	Fam57b
 	Fcgr4
 	Nrsn2
 	Ntng1
 	Tmem40
 	4930453N24Rik
 	Serpinb6a
 	Eno3
 	Rpl35a
 	Cd302
 	Tcl1b2
 	Rpp25
 	Ncs1
 	Cnfn
 	Glyat
 	Crem
 	Dpp3
 	Ano6
 	Cntn4
 	Tacc1
 	Vkorc1l1
 	Vmn1r65
 	Tuba3a
 	2310034C09Rik
 	Insm1
 	Hist2h2ac
 	Cdk7
 	Mkrn3
 	Zhx2
 	Lrrtm2
 	Acrbp
 	Trim10
 	Ttpa
 	Sox2
 	Thbd
 	B3galt5
 	Iglv1
 	Lenep
 	Ly6c1
 	Gsdmc
 	Maea
 	Stard6
 	Gm1110
 	Dnajb3
 	Esrp2
 	Edaradd
 	Gm5478
 	Olfr5
 	Dcpp2
 	Calm5
 	9130401M01Rik
 	Hist1h2bh
 	Pdxp


Hepatocyte; Oocyte	 
 	Plk3
 	Ing4
 	Apc
 	Rbl2


